prijmeni	jmeno	id	pspcr	wiki	personal
Adam	Petr	id_0001	https://www.psp.cz/sqw/detail.sqw?id=6146	https://cs.wikipedia.org/wiki/Petr_Adam	
Adam	Vojtěch	id_0002	https://www.psp.cz/sqw/detail.sqw?id=5768	https://cs.wikipedia.org/wiki/Vojtěch_Adam	
Adamec	Ivan	id_0003	https://www.psp.cz/sqw/detail.sqw?id=5700	https://cs.wikipedia.org/wiki/Ivan_Adamec	
Adámek	František	id_0004	https://www.psp.cz/sqw/detail.sqw?id=467	https://cs.wikipedia.org/wiki/František_Adámek	
Ambrozek	Libor	id_0005	http://www.psp.cz/sqw/detail.sqw?o=4&id=295	https://cs.wikipedia.org/wiki/Libor_Ambrozek	
Andrle Sylor	Augustin Karel	id_0006	https://www.psp.cz/sqw/detail.sqw?id=6148	https://cs.wikipedia.org/wiki/Augustin_Karel_Andrle_Sylor	
Andrýsová	Lenka	id_0007	http://www.psp.cz/sqw/detail.sqw?o=6&id=5890	https://cs.wikipedia.org/wiki/Lenka_Andrýsová	
Antolák	Vlastislav	id_0008	http://www.psp.cz/sqw/detail.sqw?id=5312&o=4	https://cs.wikipedia.org/wiki/Vlastislav_Antolák	
Antonín	Pavel	id_0009	https://www.psp.cz/sqw/detail.sqw?id=5891	https://cs.wikipedia.org/wiki/Pavel_Antonín	
Aubrecht	Vlastimil	id_0010	http://www.psp.cz/sqw/detail.sqw?id=344&o=5	https://cs.wikipedia.org/wiki/Vlastimil_Aubrecht	
Aulická Jírovcová	Hana	id_0011	https://www.psp.cz/sqw/detail.sqw?id=6149	https://cs.wikipedia.org/wiki/Hana_Aulická_Jírovcová	
Babák	Michal	id_0012	http://www.psp.cz/sqw/detail.sqw?id=5892&o=6	https://cs.wikipedia.org/wiki/Michal_Babák	
Babiš	Andrej	id_0013	https://www.psp.cz/sqw/detail.sqw?id=6150	https://cs.wikipedia.org/wiki/Andrej_Babiš	https://www.facebook.com/AndrejBabis/
Babiš	Miloš	id_0014	https://www.psp.cz/sqw/detail.sqw?id=6151	https://cs.wikipedia.org/wiki/Miloš_Babiš	
Babor	Jan	id_0015	http://www.psp.cz/sqw/detail.sqw?id=5444	https://cs.wikipedia.org/wiki/Jan_Babor	
Bačiak	Miloslav	id_0016	http://www.psp.cz/sqw/detail.sqw?id=6152	https://cs.wikipedia.org/wiki/Miloslav_Bačiak	
Balaštíková	Margita	id_0017	https://www.psp.cz/sqw/detail.sqw?id=6177	https://cs.wikipedia.org/wiki/Margita_Balaštíková	
Bárta	Vít	id_0693	http://www.psp.cz/sqw/detail.sqw?o=6&id=5893	https://cs.wikipedia.org/wiki/Vít_Bárta	https://twitter.com/vitbarta
Bartoš	Vladimír	id_0018	http://www.psp.cz/sqw/detail.sqw?o=2&id=255	https://cs.wikipedia.org/wiki/Vladimír_Bartoš	
Bartoš	Walter	id_0019	http://www.psp.cz/sqw/detail.sqw?o=4&id=345	https://cs.wikipedia.org/wiki/Walter_Bartoš	
Bartošek	Jan	id_0020	https://www.psp.cz/sqw/detail.sqw?id=6178	https://cs.wikipedia.org/wiki/Jan_Bartošek	https://twitter.com/honzabartosek
Bartošková	Drahoslava	id_0021	http://www.psp.cz/en/sqw/detail.sqw?id=256&o=2	https://cs.wikipedia.org/wiki/Drahoslava_Bartošková	
Bařinka	Vlastimil	id_0022	http://www.psp.cz/sqw/detail.sqw?id=257	https://cs.wikipedia.org/wiki/Vlastimil_Bařinka	
Bašta	Jaroslav	id_0023	http://www.psp.cz/sqw/detail.sqw?o=2&id=207	https://cs.wikipedia.org/wiki/Jaroslav_Bašta	
Baštýř	Václav	id_0024	http://www.psp.cz/sqw/detail.sqw?id=5894&o=6	https://cs.wikipedia.org/wiki/Václav_Baštýř	
Bauer	Jan	id_0025	http://www.psp.cz/sqw/detail.sqw?id=5379&o=6&s=1	https://cs.wikipedia.org/wiki/Jan_Bauer	
Bayerová	Marta	id_0026	https://www.psp.cz/sqw/text/detail.sqw?id=5302&o=5	https://cs.wikipedia.org/wiki/Marta_Bayerová	
Bebarová Rujbrová	Zuzka	id_0027	https://www.psp.cz/sqw/detail.sqw?id=312	https://cs.wikipedia.org/wiki/Zuzka_Bebarová_Rujbrová	
Běhounek	Jiří	id_0028	https://www.psp.cz/sqw/detail.sqw?id=6002	https://cs.wikipedia.org/wiki/Jiří_Běhounek	
Bělehrádek	Stanislav	id_0029	http://www.psp.cz/sqw/detail.sqw?id=5&o=2	https://cs.wikipedia.org/wiki/Stanislav_Bělehrádek	
Bělobrádek	Pavel	id_0030	https://www.psp.cz/sqw/detail.sqw?id=6138	https://cs.wikipedia.org/wiki/Pavel_Bělobrádek	https://twitter.com/PavelBelobradek?lang=cs
Bém	Pavel	id_0031	http://www.psp.cz/sqw/detail.sqw?id=5895&o=6	https://cs.wikipedia.org/wiki/Pavel_Bém	http://www.pavelbem.cz/
Benda	Marek	id_0032	https://www.psp.cz/sqw/detail.sqw?id=4	https://cs.wikipedia.org/wiki/Marek_Benda	https://www.facebook.com/benda2017/
Benda	Petr	id_0033	http://www.psp.cz/sqw/detail.sqw?id=6124&o=6	https://cs.wikipedia.org/wiki/Petr_Benda	
Bendl	Petr	id_0034	https://www.psp.cz/sqw/detail.sqw?id=346	https://cs.wikipedia.org/wiki/Petr_Bendl	https://www.facebook.com/bendlpetr/
Beneš	Miroslav	id_0035	http://www.psp.cz/sqw/detail.sqw?id=347&o=4	https://cs.wikipedia.org/wiki/Miroslav_Beneš	
Beneš	František	id_0036	http://www.psp.cz/sqw/detail.sqw?id=5260&o=4	https://cs.wikipedia.org/wiki/František_Beneš	
Benešík	Ondřej	id_0037	https://www.psp.cz/sqw/detail.sqw?id=6179	https://cs.wikipedia.org/wiki/Ondřej_Benešík	
Benešová	Marie	id_0038	https://www.psp.cz/sqw/detail.sqw?id=6136	https://cs.wikipedia.org/wiki/Marie_Benešová	
Berdychová	Martina	id_0039	https://www.psp.cz/sqw/detail.sqw?id=6180	https://cs.wikipedia.org/wiki/Martina_Berdychová	
Berkovec	Stanislav	id_0040	https://www.psp.cz/sqw/detail.sqw?id=6143	https://cs.wikipedia.org/wiki/Stanislav_Berkovec	https://www.facebook.com/stanislav.berkovec.5
Bernášek	Miroslav	id_0041	http://www.psp.cz/sqw/detail.sqw?id=6098&o=6	https://cs.wikipedia.org/wiki/Miroslav_Bernášek	
Besser	Jiří	id_0042	http://www.psp.cz/sqw/detail.sqw?id=5896&o=6	https://cs.wikipedia.org/wiki/Jiří_Besser	
Besta	Zdeněk	id_0043	http://www.psp.cz/sqw/detail.sqw?id=5865&o=5	https://cs.wikipedia.org/wiki/Zdeněk_Besta	
Bezecný	Zdeněk	id_0044	https://www.psp.cz/sqw/detail.sqw?id=5897	https://cs.wikipedia.org/wiki/Zdeněk_Bezecný	
Beznoska	Adolf	id_0045	http://www.psp.cz/sqw/detail.sqw?id=6181&org=171	https://cs.wikipedia.org/wiki/Adolf_Beznoska	
Bičík	Milan	id_0046	http://www.psp.cz/sqw/detail.sqw?id=5295&o=5	https://cs.wikipedia.org/wiki/Milan_Bičík	
Bielesz	Marian	id_0047	http://www.psp.cz/sqw/detail.sqw?id=5323&o=4	https://cs.wikipedia.org/wiki/Marian_Bielesz	
Bílý	Jiří	id_0048	http://www.psp.cz/sqw/detail.sqw?id=348&o=4	https://cs.wikipedia.org/wiki/Jiří_Bílý	
Birke	Jan	id_0049	https://www.psp.cz/sqw/detail.sqw?id=6182	https://cs.wikipedia.org/wiki/Jan_Birke	https://www.facebook.com/birke.jan/
Bíža	Josef	id_0050	http://www.psp.cz/sqw/detail.sqw?id=5280&o=4	https://cs.wikipedia.org/wiki/Josef_Bíža	
Bláha	Jan	id_0051	http://www.psp.cz/sqw/detail.sqw?o=3&id=8	https://cs.wikipedia.org/wiki/Jan_Bláha	
Blažek	Pavel	id_0052	https://www.psp.cz/sqw/detail.sqw?id=6079	https://cs.wikipedia.org/wiki/Pavel_Blažek	
Boháč	Zdeněk	id_0053	http://www.psp.cz/sqw/detail.sqw?o=6&id=5445	https://cs.wikipedia.org/wiki/Zdeněk_Boháč	
Boháčková	Jarmila	id_0054	http://www.psp.cz/sqw/detail.sqw?id=349&o=4	https://cs.wikipedia.org/wiki/Jarmila_Boháčková	
Bohatec	Pavel	id_0055	http://www.psp.cz/sqw/detail.sqw?id=5446&o=6	https://cs.wikipedia.org/wiki/Pavel_Bohatec	
Bohdalová	Vlasta	id_0056	https://www.psp.cz/sqw/detail.sqw?id=5447	https://cs.wikipedia.org/wiki/Vlasta_Bohdalová	
Böhnisch	Robin	id_0057	https://www.psp.cz/sqw/detail.sqw?id=5342	https://cs.wikipedia.org/wiki/Robin_Böhnisch	
Borák	Josef	id_0058	http://www.psp.cz/sqw/detail.sqw?o=2&id=296	https://cs.wikipedia.org/wiki/Josef_Borák	
Borka	Jaroslav	id_0059	https://www.psp.cz/sqw/detail.sqw?id=6183	https://cs.wikipedia.org/wiki/Jaroslav_Borka	
Brabec	Richard	id_0060	https://www.psp.cz/sqw/detail.sqw?id=6184	https://cs.wikipedia.org/wiki/Richard_Brabec	https://www.facebook.com/richard.brabec.9
Braný	Petr	id_0061	http://www.psp.cz/sqw/detail.sqw?id=5270&o=6	https://cs.wikipedia.org/wiki/Petr_Braný	
Bratinka	Pavel	id_0062	http://www.psp.cz/sqw/detail.sqw?id=286&o=2	https://cs.wikipedia.org/wiki/Pavel_Bratinka	
Bratský	Petr	id_0063	http://www.psp.cz/sqw/detail.sqw?id=5256&o=5	https://cs.wikipedia.org/wiki/Petr_Bratský	
Brázdil	Milan	id_0064	https://www.psp.cz/sqw/detail.sqw?id=6185	https://cs.wikipedia.org/wiki/Milan_Brázdil	
Brousek	Václav	id_0065	http://www.psp.cz/sqw/detail.sqw?id=350&o=3	https://cs.wikipedia.org/wiki/Václav_Brousek	
Brožík	František	id_0066	http://www.psp.cz/sqw/detail.sqw?id=12&o=4	https://cs.wikipedia.org/wiki/František_Brožík	
Brtnický	Jiří	id_0067	http://www.psp.cz/sqw/detail.sqw?id=351&o=3	https://cs.wikipedia.org/wiki/Jiří_Brtnický	
Brynychová	Ludmila	id_0068	http://www.psp.cz/sqw/detail.sqw?id=206&o=4	https://cs.wikipedia.org/wiki/Ludmila_Brynychová	
Brzobohatá	Zuzana	id_0069	http://www.psp.cz/sqw/detail.sqw?o=5&id=5770	https://cs.wikipedia.org/wiki/Zuzana_Brzobohatá	
Březina	Tomáš	id_0070	http://www.psp.cz/sqw/detail.sqw?id=258&o=2	https://cs.wikipedia.org/wiki/Tomáš_Březina	http://www.tomasbrezina.cz/
Bubeníková	Ludmila	id_0071	http://www.psp.cz/sqw/detail.sqw?id=5898&o=6	https://cs.wikipedia.org/wiki/Ludmila_Bubeníková	
Bublan	František	id_0072	http://www.psp.cz/sqw/detail.sqw?id=5383&o=6	https://cs.wikipedia.org/wiki/František_Bublan	http://www.frantisekbublan.cz/
Bubník	Augustin	id_0073	http://www.psp.cz/sqw/detail.sqw?id=352&o=3	https://cs.wikipedia.org/wiki/Augustin_Bubník	
Budinský	Vladimír	id_0074	http://www.psp.cz/sqw/detail.sqw?o=2&id=13	https://cs.wikipedia.org/wiki/Vladimír_Budinský	
Bureš	Eduard	id_0075	http://www.psp.cz/sqw/detail.sqw?id=15&o=2	https://cs.wikipedia.org/wiki/Eduard_Bureš	
Bureš	Jan	id_0076	http://www.psp.cz/sqw/detail.sqw?id=5899&o=6	https://cs.wikipedia.org/wiki/Jan_Bureš	
Bürgermeister	Jan	id_0077	http://www.psp.cz/sqw/detail.sqw?id=5448&o=5	https://cs.wikipedia.org/wiki/Jan_Bürgermeister	
Bursík	Martin	id_0078	http://www.psp.cz/sqw/detail.sqw?id=441&o=5	https://cs.wikipedia.org/wiki/Martin_Bursík	http://www.martinbursik.cz/
Buzková	Petra	id_0079	http://www.psp.cz/sqw/detail.sqw?id=16&o=4	https://cs.wikipedia.org/wiki/Petra_Buzková	
Býček	Ladislav	id_0080	http://www.psp.cz/sqw/detail.sqw?id=5303&o=4	https://cs.wikipedia.org/wiki/Ladislav_Býček	
Cabrnoch	Milan	id_0081	http://www.psp.cz/sqw/detail.sqw?o=4&id=353	https://cs.wikipedia.org/wiki/Milan_Cabrnoch	
Carbol	Jiří	id_0082	http://www.psp.cz/sqw/detail.sqw?o=5&id=5449	https://cs.wikipedia.org/wiki/Jiří_Carbol	
Cempírek	Václav	id_0083	http://www.psp.cz/sqw/detail.sqw?id=5900&o=6	https://cs.wikipedia.org/wiki/Václav_Cempírek	
Cisár	Vladimír	id_0084	http://www.psp.cz/sqw/detail.sqw?o=3&id=203	https://cs.wikipedia.org/wiki/Vladimír_Cisár	
Cogan	Josef	id_0085	http://www.psp.cz/sqw/detail.sqw?id=5901&o=6	https://cs.wikipedia.org/wiki/Josef_Cogan	
Čada	Vladimír	id_0086	http://www.psp.cz/sqw/detail.sqw?id=5271&o=4	https://cs.wikipedia.org/wiki/Vladimír_Čada	
Čech	František	id_0087	http://www.psp.cz/sqw/detail.sqw?o=2&id=204	https://cs.wikipedia.org/wiki/František_Čech	https://www.facebook.com/frantaringodingocech/
Čechlovský	Jan	id_0088	http://www.psp.cz/sqw/detail.sqw?id=5902&o=6	https://cs.wikipedia.org/wiki/Jan_Čechlovský	
Čelišová	Květoslava	id_0089	http://www.psp.cz/sqw/detail.sqw?id=19&o=4	https://cs.wikipedia.org/wiki/Květoslava_Čelišová	
Čepelka	Jiří	id_0090	http://www.psp.cz/sqw/detail.sqw?id=5450&o=5	https://cs.wikipedia.org/wiki/Jiří_Čepelka	
Čermák	Petr	id_0091	http://www.psp.cz/sqw/detail.sqw?id=21&o=2	https://cs.wikipedia.org/wiki/Petr_Čermák	
Čerňanský	Josef	id_0092	http://www.psp.cz/sqw/detail.sqw?id=5451&o=5	https://cs.wikipedia.org/wiki/Josef_Čerňanský	
Černohorská	Silva	id_0093	http://www.psp.cz/sqw/detail.sqw?id=5429&o=4&s=1	https://cs.wikipedia.org/wiki/Silva_Černohorská	
Černoch	Marek	id_0094	https://www.psp.cz/sqw/detail.sqw?id=6186	https://cs.wikipedia.org/wiki/Marek_Černoch	https://twitter.com/CernochUsvit?lang=cs
Černochová	Jana	id_0095	https://www.psp.cz/sqw/detail.sqw?id=5903	https://cs.wikipedia.org/wiki/Jana_Černochová	
Černota	Jiří	id_0096	http://www.psp.cz/sqw/detail.sqw?id=341&s=1&o=2	https://cs.wikipedia.org/wiki/Jiří_Černota	
Černý	Alexander	id_0097	https://www.psp.cz/sqw/detail.sqw?id=5307	https://cs.wikipedia.org/wiki/Alexander_Černý	
Černý	Jan	id_0098	http://www.psp.cz/sqw/detail.sqw?id=22&o=2	https://cs.wikipedia.org/wiki/Jan_Černý	
Černý	Karel	id_0099	https://www.psp.cz/sqw/detail.sqw?id=354	https://cs.wikipedia.org/wiki/Karel_Černý	
Červenka	Petr	id_0100	http://www.psp.cz/sqw/detail.sqw?id=5452&o=5	https://cs.wikipedia.org/wiki/Petr_Červenka	
Češka	Roman	id_0101	http://www.psp.cz/sqw/detail.sqw?id=287&o=2	https://cs.wikipedia.org/wiki/Roman_Češka	
Čevela	Rostislav	id_0102	http://www.psp.cz/sqw/detail.sqw?id=208&o=3	https://cs.wikipedia.org/wiki/Rostislav_Čevela	
Čihák	Pavel	id_0103	https://www.psp.cz/sqw/detail.sqw?id=6187	https://cs.wikipedia.org/wiki/Pavel_Čihák	
Číp	René	id_0104	https://www.psp.cz/sqw/detail.sqw?id=6188	https://cs.wikipedia.org/wiki/René_Číp	
Čurdová	Anna	id_0105	http://www.psp.cz/sqw/detail.sqw?id=5263&o=5	https://cs.wikipedia.org/wiki/Anna_Čurdová	
David	Ivan	id_0106	http://www.psp.cz/sqw/detail.sqw?o=3&id=355	https://cs.wikipedia.org/wiki/Ivan_David	
Dědič	František	id_0107	http://www.psp.cz/sqw/detail.sqw?id=5453&o=6	https://cs.wikipedia.org/wiki/František_Dědič	
Dienstbier	Jiří	id_0108	http://www.psp.cz/sqw/detail.sqw?id=1016&o=6	https://cs.wikipedia.org/wiki/Jiří_Dienstbier	https://twitter.com/jiridienstbier?lang=cs
Dimitrov	Kosta	id_0109	http://www.psp.cz/sqw/detail.sqw?id=5454&o=5	https://cs.wikipedia.org/wiki/Kosta_Dimitrov	
Dlab	Vlastimil	id_0110	http://www.psp.cz/sqw/detail.sqw?id=5289&o=4	https://cs.wikipedia.org/wiki/Vlastimil_Dlab	
Dlouhý	Vladimír	id_0111	http://www.psp.cz/sqw/detail.sqw?id=288&o=2	https://cs.wikipedia.org/wiki/Vladimír_Dlouhý	
Dobeš	Josef	id_0112	http://www.psp.cz/sqw/detail.sqw?id=5904&o=6	https://cs.wikipedia.org/wiki/Josef_Dobeš	
Dobešová	Ivana	id_0113	https://www.psp.cz/sqw/detail.sqw?id=6189	https://cs.wikipedia.org/wiki/Ivana_Dobešová	
Doktor	Michal	id_0114	http://www.psp.cz/sqw/detail.sqw?id=356&o=6	https://cs.wikipedia.org/wiki/Michal_Doktor	
Dolejš	Jiří	id_0115	https://www.psp.cz/sqw/detail.sqw?id=5261	https://cs.wikipedia.org/wiki/Jiří_Dolejš	https://twitter.com/DolejsJiri?lang=cs
Dolejš	Richard	id_0116	https://www.psp.cz/sqw/detail.sqw?id=5456	https://cs.wikipedia.org/wiki/Richard_Dolejš	
Doležal	Vladimír	id_0117	http://www.psp.cz/sqw/detail.sqw?id=357&o=4	https://cs.wikipedia.org/wiki/Vladimír_Doležal	
Domesová	Zuzana	id_0118	http://www.psp.cz/sqw/detail.sqw?id=5430&o=5	https://cs.wikipedia.org/wiki/Zuzana_Domesová	
Dopitová	Zdenka	id_0119	http://www.psp.cz/sqw/detail.sqw?id=5769&o=5	https://cs.wikipedia.org/wiki/Zdenka_Dopitová	
Dostál	Pavel	id_0120	http://www.psp.cz/sqw/detail.sqw?id=209&o=4	https://cs.wikipedia.org/wiki/Pavel_Dostál	
Dostálová	Kateřina	id_0121	http://www.psp.cz/sqw/detail.sqw?o=4&id=358	https://cs.wikipedia.org/wiki/Kateřina_Dostálová	
Drábek	Jaromír	id_0122	http://www.psp.cz/sqw/detail.sqw?id=5905&o=6	https://cs.wikipedia.org/wiki/Jaromír_Drábek	http://www.jaromirdrabek.cz/
Drastichová	Jana	id_0123	http://www.psp.cz/sqw/detail.sqw?o=6&id=5906	https://cs.wikipedia.org/wiki/Jana_Drastichová	
Drda	Jiří	id_0124	http://www.psp.cz/sqw/detail.sqw?id=359&o=3	https://cs.wikipedia.org/wiki/Jiří_Drda	
Drobil	Pavel	id_0125	http://www.psp.cz/sqw/detail.sqw?id=5907&o=6	https://cs.wikipedia.org/wiki/Pavel_Drobil	
Dub	Tomáš	id_0126	http://www.psp.cz/sqw/detail.sqw?id=5257&o=5	https://cs.wikipedia.org/wiki/Tomáš_Dub	
Dundáčková	Eva	id_0127	http://www.psp.cz/sqw/detail.sqw?id=360&o=5	https://cs.wikipedia.org/wiki/Eva_Dundáčková	
Dušek	Robert	id_0128	http://www.psp.cz/sqw/detail.sqw?id=5457&o=5	https://cs.wikipedia.org/wiki/Robert_Dušek	
Eček	Jaroslav	id_0129	http://www.psp.cz/sqw/detail.sqw?id=5908&o=6	https://cs.wikipedia.org/wiki/Jaroslav_Eček	
Ekert	Milan	id_0130	http://www.psp.cz/sqw/detail.sqw?id=210&o=4	https://cs.wikipedia.org/wiki/Milan_Ekert	
Emmerová	Milada	id_0131	https://www.psp.cz/sqw/text/detail.sqw?id=211&o=6	https://cs.wikipedia.org/wiki/Milada_Emmerová	
Exner	Václav	id_0132	http://www.psp.cz/sqw/detail.sqw?id=31&o=5	https://cs.wikipedia.org/wiki/Václav_Exner	
Fajmon	Hynek	id_0133	http://www.psp.cz/sqw/detail.sqw?id=5213&o=4	https://cs.wikipedia.org/wiki/Hynek_Fajmon	
Faltýnek	Jaroslav	id_0134	https://www.psp.cz/sqw/detail.sqw?id=6190	https://cs.wikipedia.org/wiki/Jaroslav_Faltýnek	
Farský	Jan	id_0135	https://www.psp.cz/sqw/detail.sqw?id=5909	https://cs.wikipedia.org/wiki/Jan_Farský	https://www.facebook.com/farskyjansemily/
Fiala	Jaroslav	id_0136	http://www.psp.cz/sqw/detail.sqw?id=5458&o=5	https://cs.wikipedia.org/wiki/Jaroslav_Fiala	
Fiala	Petr	id_0137	https://www.psp.cz/sqw/detail.sqw?id=6074	https://cs.wikipedia.org/wiki/Petr_Fiala	http://pfiala.cz/
Fiala	Radim	id_0138	https://www.psp.cz/sqw/detail.sqw?id=5459	https://cs.wikipedia.org/wiki/Radim_Fiala	https://twitter.com/RadimFialacz
Fialová	Jiřina	id_0139	http://www.psp.cz/sqw/detail.sqw?id=5267&o=5	https://cs.wikipedia.org/wiki/Jiřina_Fialová	
Fiedler	Karel	id_0140	https://www.psp.cz/sqw/detail.sqw?id=6191	https://cs.wikipedia.org/wiki/Karel_Fiedler	
Fichtner	Matěj	id_0141	https://www.psp.cz/sqw/detail.sqw?id=6192	https://cs.wikipedia.org/wiki/Matěj_Fichtner	
Filip	Vojtěch	id_0142	https://www.psp.cz/sqw/detail.sqw?id=303	https://cs.wikipedia.org/wiki/Vojtěch_Filip	https://twitter.com/vojtafilip?lang=cs
Filipi	Dana	id_0143	http://www.psp.cz/sqw/detail.sqw?id=5460&o=6	https://cs.wikipedia.org/wiki/Dana_Filipi	
Fischer	Stanislav	id_0144	http://www.psp.cz/sqw/detail.sqw?id=5460&o=6	https://cs.wikipedia.org/wiki/Stanislav_Fischer	
Fischerová	Eva	id_0145	http://www.psp.cz/sqw/detail.sqw?id=35&o=3	https://cs.wikipedia.org/wiki/Eva_Fischerová	
Fischerová	Jana	id_0146	https://www.psp.cz/sqw/detail.sqw?id=5990	https://cs.wikipedia.org/wiki/Jana_Fischerová	
Fischerová	Táňa	id_0147	http://www.psp.cz/sqw/detail.sqw?id=5325&o=4	https://cs.wikipedia.org/wiki/Táňa_Fischerová	https://twitter.com/tanafis?lang=cs
Florián	Jan	id_0148	http://www.psp.cz/sqw/detail.sqw?id=5910&o=6	https://cs.wikipedia.org/wiki/Jan_Florián	
Fójcik	Vavřinec	id_0149	http://www.psp.cz/sqw/detail.sqw?id=259&o=2	https://cs.wikipedia.org/wiki/Vavřinec_Fójcik	
Foldyna	Jaroslav	id_0150	https://www.psp.cz/sqw/detail.sqw?id=5911	https://cs.wikipedia.org/wiki/Jaroslav_Foldyna	https://twitter.com/FoldynaJaroslav?lang=cs
Frank	Václav	id_0151	http://www.psp.cz/sqw/detail.sqw?id=36&o=4	https://cs.wikipedia.org/wiki/Václav_Frank	
Frankl	Michal	id_0152	http://www.psp.cz/sqw/detail.sqw?id=260&o=2	https://cs.wikipedia.org/wiki/Michal_Frankl	
Fraňková	Štěpánka	id_0153	http://www.psp.cz/sqw/detail.sqw?id=5912&o=6	https://cs.wikipedia.org/wiki/Štěpánka_Fraňková	
Fuksa	Ivan	id_0154	http://www.psp.cz/sqw/detail.sqw?id=5913&o=6	https://cs.wikipedia.org/wiki/Ivan_Fuksa	http://www.fuksa.cz/
Gabal	Ivan	id_0155	https://www.psp.cz/sqw/detail.sqw?id=6193	https://cs.wikipedia.org/wiki/Ivan_Gabal	https://twitter.com/ivan_gabal
Gabrhel	Vlastimil	id_0156	https://www.psp.cz/sqw/detail.sqw?id=6268	https://cs.wikipedia.org/wiki/Vlastimil_Gabrhel	
Gandalovič	Petr	id_0157	http://www.psp.cz/sqw/detail.sqw?id=1296&o=6	https://cs.wikipedia.org/wiki/Petr_Gandalovič	
Gavlasová	Jana	id_0158	http://www.psp.cz/sqw/detail.sqw?o=2&id=212	https://cs.wikipedia.org/wiki/Jana_Gavlasová	
Gazdík	Petr	id_0159	https://www.psp.cz/sqw/detail.sqw?id=5914	https://cs.wikipedia.org/wiki/Petr_Gazdík	http://www.gazdik.cz/#
Gjurič	Andrej	id_0160	http://www.psp.cz/sqw/detail.sqw?id=38&o=2	https://cs.wikipedia.org/wiki/Andrej_Gjurič	
Golasowská	Pavla	id_0161	https://www.psp.cz/sqw/detail.sqw?id=6292	https://cs.wikipedia.org/wiki/Pavla_Golasowská	
Gongol	Jaroslav	id_0162	http://www.psp.cz/sqw/detail.sqw?id=304&o=4	https://cs.wikipedia.org/wiki/Jaroslav_Gongol	
Grebeníček	Miroslav	id_0163	https://www.psp.cz/sqw/detail.sqw?id=305	https://cs.wikipedia.org/wiki/Miroslav_Grebeníček	
Grega	Andrej	id_0164	http://www.psp.cz/sqw/detail.sqw?id=362&o=4	https://cs.wikipedia.org/wiki/Andrej_Grega	
Gregora	Martin	id_0165	http://www.psp.cz/sqw/detail.sqw?id=5915&o=6	https://cs.wikipedia.org/wiki/Martin_Gregora	
Grégr	Miroslav	id_0166	http://www.psp.cz/sqw/detail.sqw?id=213&o=2	https://cs.wikipedia.org/wiki/Miroslav_Grégr	
Grospič	Stanislav	id_0167	https://www.psp.cz/sqw/detail.sqw?id=4778	https://cs.wikipedia.org/wiki/Stanislav_Grospič	
Gross	Stanislav	id_0168	http://www.psp.cz/sqw/detail.sqw?id=39&o=4	https://cs.wikipedia.org/wiki/Stanislav_Gross	
Grulich	Václav	id_0169	http://www.psp.cz/sqw/detail.sqw?id=40&o=3	https://cs.wikipedia.org/wiki/Václav_Grulich	
Grüner	Václav	id_0170	http://www.psp.cz/sqw/detail.sqw?id=363&o=5	https://cs.wikipedia.org/wiki/Václav_Grüner	
Gruntová	Jitka	id_0171	http://www.psp.cz/sqw/detail.sqw?id=5293&o=4	https://cs.wikipedia.org/wiki/Jitka_Gruntová	
Grůza	Jan	id_0172	http://www.psp.cz/sqw/detail.sqw?id=333&o=5	https://cs.wikipedia.org/wiki/Jan_Grůza	
Hájek	Josef	id_0173	https://www.psp.cz/sqw/detail.sqw?id=6139	https://cs.wikipedia.org/wiki/Josef_Hájek	
Hájek	Petr	id_0174	http://www.psp.cz/sqw/detail.sqw?id=5021&o=5	https://cs.wikipedia.org/wiki/Petr_Hájek	
Halíková	Milada	id_0175	https://www.psp.cz/sqw/detail.sqw?id=5461	https://cs.wikipedia.org/wiki/Milada_Halíková	
Hamáček	Jan	id_0176	https://www.psp.cz/sqw/detail.sqw?id=5462	https://cs.wikipedia.org/wiki/Jan_Hamáček	https://twitter.com/jhamacek?lang=cs
Hamplová	Jana	id_0177	http://www.psp.cz/sqw/detail.sqw?o=4&id=5401	https://cs.wikipedia.org/wiki/Jana_Hamplová	http://www.hamplova.cz/
Hanačíková	Ivana	id_0178	http://www.psp.cz/sqw/detail.sqw?o=3&id=364	https://cs.wikipedia.org/wiki/Ivana_Hanačíková	
Hanáková	Alena	id_0179	http://www.psp.cz/sqw/detail.sqw?id=5916&o=6	https://cs.wikipedia.org/wiki/Alena_Hanáková	
Hanuš	Jiří	id_0180	http://www.psp.cz/sqw/detail.sqw?id=5291&o=4	https://cs.wikipedia.org/wiki/Jiří_Hanuš	
Hanuš	Václav	id_0181	http://www.psp.cz/sqw/detail.sqw?id=365&o=3	https://cs.wikipedia.org/wiki/Václav_Hanuš	
Hasil	Tomáš	id_0182	http://www.psp.cz/sqw/detail.sqw?id=5285&o=5	https://cs.wikipedia.org/wiki/Tomáš_Hasil	
Hašek	Michal	id_0183	http://www.psp.cz/sqw/detail.sqw?id=5297&org=171	https://cs.wikipedia.org/wiki/Michal_Hašek	https://www.facebook.com/michal.hasek.7
Hašková	Monika	id_0184	http://www.psp.cz/sqw/detail.sqw?id=5868&o=5	https://cs.wikipedia.org/wiki/Monika_Hašková	
Havíř	Pavel	id_0185	https://www.psp.cz/sqw/detail.sqw?id=6194	https://cs.wikipedia.org/wiki/Pavel_Havíř	
Havlíček	Jiří	id_0186	http://psp.cz/sqw/detail.sqw?id=457&o=3	https://cs.wikipedia.org/wiki/Jiří_Havlíček	
Havlová	Olga	id_0187	https://www.psp.cz/sqw/detail.sqw?id=6141	https://cs.wikipedia.org/wiki/Olga_Havlová	
Heger	Leoš	id_0188	https://www.psp.cz/sqw/detail.sqw?id=5917	https://cs.wikipedia.org/wiki/Leoš_Heger	
Herman	Daniel	id_0189	https://www.psp.cz/sqw/detail.sqw?id=6142	https://cs.wikipedia.org/wiki/Daniel_Herman	https://twitter.com/DanielDherman?lang=cs
Hink	Vladimír	id_0190	http://www.psp.cz/sqw/detail.sqw?id=5463&o=5	https://cs.wikipedia.org/wiki/Vladimír_Hink	
Hnyková	Jana	id_0191	https://www.psp.cz/sqw/detail.sqw?id=6195	https://cs.wikipedia.org/wiki/Jana_Hnyková	
Hofhanzl	Čestmír	id_0192	http://www.psp.cz/sqw/detail.sqw?id=46&o=2	https://cs.wikipedia.org/wiki/Čestmír_Hofhanzl	
Hofman	Jiří	id_0193	http://www.psp.cz/sqw/detail.sqw?id=214&o=3	https://cs.wikipedia.org/wiki/Jiří_Hofman	
Hojda	Pavel	id_0194	http://www.psp.cz/sqw/detail.sqw?id=366&o=6	https://cs.wikipedia.org/wiki/Pavel_Hojda	
Hojdar	Josef	id_0195	http://www.psp.cz/sqw/detail.sqw?id=215&o=4	https://cs.wikipedia.org/wiki/Josef_Hojdar	
Holáň	Vilém	id_0196	http://www.psp.cz/sqw/detail.sqw?id=297&o=4	https://cs.wikipedia.org/wiki/Vilém_Holáň	
Holeček	Jiří	id_0197	https://www.psp.cz/sqw/detail.sqw?id=6196	https://cs.wikipedia.org/wiki/Jiří_Holeček	
Holeček	Petr	id_0198	http://www.psp.cz/sqw/detail.sqw?id=6095&o=6	https://cs.wikipedia.org/wiki/Petr_Holeček	
Holeček	Radim	id_0199	https://www.psp.cz/sqw/detail.sqw?id=6197	https://cs.wikipedia.org/wiki/Radim_Holeček	
Holík	Jaroslav	id_0200	https://www.psp.cz/sqw/detail.sqw?id=6198	https://cs.wikipedia.org/wiki/Jaroslav_Holík	
Holík	Pavel	id_0201	https://www.psp.cz/sqw/detail.sqw?id=5918	https://cs.wikipedia.org/wiki/Pavel_Holík	
Holub	Josef	id_0202	http://www.psp.cz/sqw/detail.sqw?id=47&o=2	https://cs.wikipedia.org/wiki/Josef_Holub	
Honajzer	Jiří	id_0203	http://www.psp.cz/sqw/detail.sqw?id=48&o=2	https://cs.wikipedia.org/wiki/Jiří_Honajzer	
Hönig	Pavel	id_0204	http://www.psp.cz/sqw/detail.sqw?id=367&o=4	https://cs.wikipedia.org/wiki/Pavel_Hönig	
Horáček	Václav	id_0205	https://www.psp.cz/sqw/detail.sqw?id=5919	https://cs.wikipedia.org/wiki/Václav_Horáček	
Horníková	Zdeňka	id_0206	http://www.psp.cz/sqw/detail.sqw?id=261&o=6	https://cs.wikipedia.org/wiki/Zdeňka_Horníková	
Hort	Petr	id_0207	http://www.psp.cz/sqw/detail.sqw?o=3&id=369	https://cs.wikipedia.org/wiki/Petr_Hort	
Houzák	Josef	id_0208	http://www.psp.cz/sqw/detail.sqw?id=306&o=4	https://cs.wikipedia.org/wiki/Josef_Houzák	
Hovorka	Ludvík	id_0209	https://www.psp.cz/sqw/detail.sqw?id=5314	https://cs.wikipedia.org/wiki/Ludvík_Hovorka	
Hradil	Vladimír	id_0210	http://www.psp.cz/sqw/detail.sqw?id=370&o=3	https://cs.wikipedia.org/wiki/Vladimír_Hradil	
Hrbata	Michael	id_0211	http://www.psp.cz/sqw/detail.sqw?id=5464&o=5	https://cs.wikipedia.org/wiki/Michael_Hrbata	
Hrnčíř	Pavel	id_0212	http://www.psp.cz/sqw/detail.sqw?id=371&o=5	https://cs.wikipedia.org/wiki/Pavel_Hrnčíř	
Hrubý	Václav	id_0213	http://www.psp.cz/sqw/detail.sqw?id=343&o=2	https://cs.wikipedia.org/wiki/Václav_Hrubý	
Hrůzová	Vlasta	id_0214	http://www.psp.cz/sqw/detail.sqw?o=2&id=318	https://cs.wikipedia.org/wiki/Vlasta_Hrůzová	
Hubáčková	Gabriela	id_0215	https://www.psp.cz/sqw/detail.sqw?id=5920	https://cs.wikipedia.org/wiki/Gabriela_Hubáčková	
Hulinský	Petr	id_0216	http://www.psp.cz/sqw/detail.sqw?id=216&o=6	https://cs.wikipedia.org/wiki/Petr_Hulinský	
Huml	Stanislav	id_0762	https://www.psp.cz/sqw/detail.sqw?id=5921	https://cs.wikipedia.org/wiki/Stanislav_Huml	https://www.facebook.com/stanislav.huml
Huml	Ondřej	id_0217	http://www.psp.cz/sqw/detail.sqw?o=2&id=262	https://cs.wikipedia.org/wiki/Ondřej_Huml	
Husák	Jan	id_0218	http://www.psp.cz/sqw/detail.sqw?id=5819&o=6	https://cs.wikipedia.org/wiki/Jan_Husák	
Chalánková	Jitka	id_0219	https://www.psp.cz/sqw/detail.sqw?id=5922	https://cs.wikipedia.org/wiki/Jitka_Chalánková	
Chaloupka	Otto	id_0220	http://www.psp.cz/sqw/detail.sqw?o=6&id=5923	https://cs.wikipedia.org/wiki/Otto_Chaloupka	
Chalupa	Bohuslav	id_0221	https://www.psp.cz/sqw/detail.sqw?id=6199	https://cs.wikipedia.org/wiki/Bohuslav_Chalupa	
Chalupa	Jaromír	id_0222	http://www.psp.cz/sqw/detail.sqw?id=5465&o=5	https://cs.wikipedia.org/wiki/Jaromír_Chalupa	
Chalupa	Tomáš	id_0223	http://www.psp.cz/sqw/detail.sqw?id=5924&o=6	https://cs.wikipedia.org/wiki/Tomáš_Chalupa	
Chlad	Rudolf	id_0224	http://www.psp.cz/sqw/detail.sqw?id=5925&o=6	https://cs.wikipedia.org/wiki/Rudolf_Chlad	
Chobot	František	id_0225	http://www.psp.cz/sqw/detail.sqw?id=217&o=3	https://cs.wikipedia.org/wiki/František_Chobot	
Chovanec	Milan	id_0226	https://www.psp.cz/sqw/detail.sqw?id=6200	https://cs.wikipedia.org/wiki/Milan_Chovanec	http://www.milanchovanec.cz/
Chvojka	Jan	id_0227	https://www.psp.cz/sqw/detail.sqw?id=5926	https://cs.wikipedia.org/wiki/Jan_Chvojka	https://www.facebook.com/jchvojka?ref=br_rs
Chytka	Radim	id_0228	http://www.psp.cz/sqw/detail.sqw?id=372&o=5	https://cs.wikipedia.org/wiki/Radim_Chytka	
Ibl	Petr	id_0229	http://www.psp.cz/sqw/detail.sqw?id=5252&o=4	https://cs.wikipedia.org/wiki/Petr_Ibl	
Jacques	Kateřina	id_0230	http://www.psp.cz/sqw/detail.sqw?o=5&id=5466	https://cs.wikipedia.org/wiki/Kateřina_Jacques	https://www.facebook.com/Kate%C5%99ina-Jacques-51832713011/?hc_ref=ARTC4RoA9sY5LbR5qKK-OpI7rP3u0OVNgIwJx7AHsb81eVfuVZ0WGN5o4eykuqohe_8&fref=nf
Jakubčík	Igor	id_0231	https://www.psp.cz/sqw/detail.sqw?id=6113	https://cs.wikipedia.org/wiki/Igor_Jakubčík	
Jakubková	Věra	id_0232	http://www.psp.cz/sqw/detail.sqw?id=5467&o=5	https://cs.wikipedia.org/wiki/Věra_Jakubková	
Jalowiczor	Petr	id_0233	http://www.psp.cz/sqw/detail.sqw?id=5927&o=6	https://cs.wikipedia.org/wiki/Petr_Jalowiczor	
Jalůvka	Josef	id_0234	http://www.psp.cz/sqw/detail.sqw?id=373&o=3&s=1	https://cs.wikipedia.org/wiki/Josef_Jalůvka	
Jandák	Vítězslav	id_0235	http://www.psp.cz/sqw/detail.sqw?id=5402&org=171	https://cs.wikipedia.org/wiki/Vítězslav_Jandák	http://www.jandak.eu/
Janeček	Jiří	id_0236	http://www.psp.cz/sqw/detail.sqw?id=5767&o=5	https://cs.wikipedia.org/wiki/Jiří_Janeček	
Janeček	Josef	id_0237	http://www.psp.cz/sqw/detail.sqw?id=54&o=4	https://cs.wikipedia.org/wiki/Josef_Janeček	
Janek	Michal	id_0238	http://www.psp.cz/sqw/detail.sqw?o=6&id=5928	https://cs.wikipedia.org/wiki/Michal_Janek	
Janulík	Miloslav	id_0239	https://www.psp.cz/sqw/detail.sqw?id=6201	https://cs.wikipedia.org/wiki/Miloslav_Janulík	
Jeník	Miroslav	id_0240	http://www.psp.cz/sqw/detail.sqw?o=6&id=5766	https://cs.wikipedia.org/wiki/Miroslav_Jeník	
Jeništa	Luděk	id_0241	http://www.psp.cz/sqw/detail.sqw?id=5929&o=6	https://cs.wikipedia.org/wiki/Luděk_Jeništa	
Ježek	Josef	id_0242	http://www.psp.cz/sqw/detail.sqw?id=375&o=5	https://cs.wikipedia.org/wiki/Josef_Ježek	
Ježek	Libor	id_0243	http://www.psp.cz/sqw/detail.sqw?id=374&o=5	https://cs.wikipedia.org/wiki/Libor_Ježek	
Jičínský	Zdeněk	id_0244	http://www.psp.cz/sqw/detail.sqw?id=218&o=5	https://cs.wikipedia.org/wiki/Zdeněk_Jičínský	
Jirků	Ladislav	id_0245	http://www.psp.cz/sqw/detail.sqw?id=5930&o=6	https://cs.wikipedia.org/wiki/Ladislav_Jirků	
Jirousová	Taťána	id_0246	http://www.psp.cz/sqw/detail.sqw?id=307&o=3	https://cs.wikipedia.org/wiki/Taťána_Jirousová	
Jirout	Radim	id_0247	http://www.psp.cz/sqw/detail.sqw?o=6&id=5931	https://cs.wikipedia.org/wiki/Radim_Jirout	
John	Radek	id_0248	http://www.psp.cz/sqw/detail.sqw?id=5932&o=6	https://cs.wikipedia.org/wiki/Radek_John	
Jourová	Věra	id_0249	http://www.psp.cz/sqw/detail.sqw?id=6203&org=171	https://cs.wikipedia.org/wiki/Věra_Jourová	https://twitter.com/VeraJourova?lang=cs
Junek	Jiří	id_0250	https://www.psp.cz/sqw/detail.sqw?id=6204	https://cs.wikipedia.org/wiki/Jiří_Junek	
Jungová	Yvona	id_0251	https://www.psp.cz/sqw/detail.sqw?id=376&o=3	https://cs.wikipedia.org/wiki/Yvona_Jungová	
Jurečka	Marian	id_0252	https://www.psp.cz/sqw/detail.sqw?id=6205	https://cs.wikipedia.org/wiki/Marian_Jurečka	http://www.marianjurecka.cz/
Jurková	Pavla	id_0253	http://www.psp.cz/sqw/detail.sqw?id=298&o=2	https://cs.wikipedia.org/wiki/Pavla_Jurková	
Kádner	David	id_0254	https://www.psp.cz/sqw/detail.sqw?id=5933	https://cs.wikipedia.org/wiki/David_Kádner	
Kafka	David	id_0255	http://www.psp.cz/sqw/detail.sqw?o=5&id=5468	https://cs.wikipedia.org/wiki/David_Kafka	
Kailová	Zuzana	id_0256	https://www.psp.cz/sqw/detail.sqw?id=6206	https://cs.wikipedia.org/wiki/Zuzana_Kailová	
Kala	Miloslav	id_0257	http://www.psp.cz/sqw/detail.sqw?id=5298&o=5	https://cs.wikipedia.org/wiki/Miloslav_Kala	
Kalábková	Gabriela	id_0258	http://www.psp.cz/sqw/detail.sqw?id=5469&o=5	https://cs.wikipedia.org/wiki/Gabriela_Kalábková	
Kalousek	Miroslav	id_0259	https://www.psp.cz/sqw/detail.sqw?id=377	https://cs.wikipedia.org/wiki/Miroslav_Kalousek	http://www.miroslav-kalousek.cz/
Kalus	Jaromír	id_0260	http://www.psp.cz/sqw/detail.sqw?id=61&o=2	https://cs.wikipedia.org/wiki/Jaromír_Kalus	
Kalvoda	Jan	id_0261	http://www.psp.cz/sqw/detail.sqw?id=62&o=2	https://cs.wikipedia.org/wiki/Jan_Kalvoda	
Kaňkovský	Vít	id_0262	https://www.psp.cz/sqw/detail.sqw?id=6207	https://cs.wikipedia.org/wiki/Vít_Kaňkovský	
Kantor	Ivo	id_0263	http://www.psp.cz/sqw/detail.sqw?id=5883&o=5	https://cs.wikipedia.org/wiki/Ivo_Kantor	
Kapoun	Miroslav	id_0264	http://www.psp.cz/sqw/detail.sqw?id=219&o=4	https://cs.wikipedia.org/wiki/Miroslav_Kapoun	
Karamazov	Simeon	id_0265	https://www.psp.cz/sqw/detail.sqw?id=6208	https://cs.wikipedia.org/wiki/Simeon_Karamazov	
Karas	Jiří	id_0266	http://www.psp.cz/sqw/detail.sqw?id=63&o=4	https://cs.wikipedia.org/wiki/Jiří_Karas	
Karásek	Svatopluk	id_0267	http://www.psp.cz/sqw/detail.sqw?id=5224&o=4	https://cs.wikipedia.org/wiki/Svatopluk_Karásek	
Kasal	David	id_0268	https://www.psp.cz/sqw/detail.sqw?id=6209	https://cs.wikipedia.org/wiki/David_Kasal	
Kasal	Jan	id_0269	http://www.psp.cz/sqw/detail.sqw?id=64&o=5	https://cs.wikipedia.org/wiki/Jan_Kasal	
Kaslová	Jana	id_0270	http://www.psp.cz/sqw/detail.sqw?id=5958&o=6	https://cs.wikipedia.org/wiki/Jana_Kaslová	
Kavan	Jan	id_0271	http://www.psp.cz/sqw/detail.sqw?id=450&o=4	https://cs.wikipedia.org/wiki/Jan_Kavan	
Kladívko	Tomáš	id_0272	http://www.psp.cz/sqw/detail.sqw?o=3&id=335	https://cs.wikipedia.org/wiki/Tomáš_Kladívko	
Klán	Jan	id_0273	https://www.psp.cz/sqw/detail.sqw?id=5934	https://cs.wikipedia.org/wiki/Jan_Klán	
Klanica	Zdeněk	id_0274	http://www.psp.cz/sqw/detail.sqw?id=308&o=3	https://cs.wikipedia.org/wiki/Zdeněk_Klanica	
Klas	Jan	id_0275	http://www.psp.cz/sqw/detail.sqw?id=67&o=5	https://cs.wikipedia.org/wiki/Jan_Klas	
Klasnová	Kateřina	id_0276	http://www.psp.cz/sqw/detail.sqw?id=5935&o=6	https://cs.wikipedia.org/wiki/Kateřina_Klasnová	
Klaška	Jaroslav	id_0277	https://www.psp.cz/sqw/detail.sqw?id=6210	https://cs.wikipedia.org/wiki/Jaroslav_Klaška	
Klaus	Václav	id_0278	http://www.psp.cz/sqw/detail.sqw?id=263&o=4	https://cs.wikipedia.org/wiki/Václav_Klaus	https://www.klaus.cz/
Klein	Jaroslav	id_0279	http://www.psp.cz/sqw/detail.sqw?id=5470&o=5	https://cs.wikipedia.org/wiki/Jaroslav_Klein	
Klučka	Václav	id_0280	https://www.psp.cz/sqw/detail.sqw?id=68	https://cs.wikipedia.org/wiki/Václav_Klučka	
Kocianová	Jitka	id_0281	http://www.psp.cz/sqw/detail.sqw?o=3&id=5214	https://cs.wikipedia.org/wiki/Jitka_Kocianová	
Kocourek	Martin	id_0282	http://www.psp.cz/sqw/detail.sqw?id=378&o=4	https://cs.wikipedia.org/wiki/Martin_Kocourek	
Kočárník	Ivan	id_0283	http://www.psp.cz/sqw/detail.sqw?id=264&o=2	https://cs.wikipedia.org/wiki/Ivan_Kočárník	
Kočí	Irena	id_0284	http://www.psp.cz/sqw/detail.sqw?id=5771&o=5	https://cs.wikipedia.org/wiki/Irena_Kočí	
Kočí	Kristýna	id_0285	http://www.psp.cz/sqw/detail.sqw?id=5936&o=6	https://cs.wikipedia.org/wiki/Kristýna_Kočí	
Koháček	Petr	id_0286	http://www.psp.cz/sqw/detail.sqw?o=3&id=69	https://cs.wikipedia.org/wiki/Petr_Koháček	
Kohlíček	Jaromír	id_0287	http://www.psp.cz/sqw/detail.sqw?id=379&o=4	https://cs.wikipedia.org/wiki/Jaromír_Kohlíček	
Kohoutová	Lenka	id_0288	http://www.psp.cz/sqw/detail.sqw?id=5937&o=6	https://cs.wikipedia.org/wiki/Lenka_Kohoutová	
Kochan	Jozef	id_0289	http://www.psp.cz/sqw/detail.sqw?id=5375&o=6	https://cs.wikipedia.org/wiki/Jozef_Kochan	
Kolář	Robert	id_0290	http://www.psp.cz/sqw/detail.sqw?o=2&id=71	https://cs.wikipedia.org/wiki/Robert_Kolář	
Kolářová	Milena	id_0291	http://www.psp.cz/sqw/detail.sqw?id=72&o=2	https://cs.wikipedia.org/wiki/Milena_Kolářová	
Kolovratník	Martin	id_0292	https://www.psp.cz/sqw/detail.sqw?id=6211	https://cs.wikipedia.org/wiki/Martin_Kolovratník	
Komárek	Martin	id_0293	https://www.psp.cz/sqw/detail.sqw?id=6140	https://cs.wikipedia.org/wiki/Martin_Komárek	https://twitter.com/komarek2
Konečná	Kateřina	id_0294	http://www.psp.cz/sqw/detail.sqw?id=5321&org=171	https://cs.wikipedia.org/wiki/Kateřina_Konečná	
Koníček	František	id_0295	http://www.psp.cz/sqw/detail.sqw?id=5395&o=4	https://cs.wikipedia.org/wiki/František_Koníček	
Koníček	Vladimír	id_0296	https://www.psp.cz/sqw/detail.sqw?id=5313	https://cs.wikipedia.org/wiki/Vladimír_Koníček	
Kopecký	Robert	id_0297	http://www.psp.cz/sqw/detail.sqw?id=220&o=4	https://cs.wikipedia.org/wiki/Robert_Kopecký	
Korbel	Ladislav	id_0298	http://www.psp.cz/sqw/detail.sqw?o=3&id=380	https://cs.wikipedia.org/wiki/Ladislav_Korbel	
Korte	Daniel	id_0299	https://www.psp.cz/sqw/detail.sqw?id=5939	https://cs.wikipedia.org/wiki/Daniel_Korte	
Korytář	Karel	id_0300	http://www.psp.cz/sqw/detail.sqw?id=5471&o=5	https://cs.wikipedia.org/wiki/Karel_Korytář	
Kořenek	Petr	id_0301	https://www.psp.cz/sqw/detail.sqw?id=6212	https://cs.wikipedia.org/wiki/Petr_Kořenek	
Kořínková	Květoslava	id_0302	http://www.psp.cz/sqw/detail.sqw?id=221&o=2	https://cs.wikipedia.org/wiki/Květoslava_Kořínková	
Kořistka	Zdeněk	id_0303	http://www.psp.cz/sqw/detail.sqw?id=381&o=4	https://cs.wikipedia.org/wiki/Zdeněk_Kořistka	
Koskuba	Jiří	id_0304	https://www.psp.cz/sqw/detail.sqw?id=5433	https://cs.wikipedia.org/wiki/Jiří_Koskuba	
Kostrhun	Jan	id_0305	http://www.psp.cz/sqw/detail.sqw?id=222&o=3	https://cs.wikipedia.org/wiki/Jan_Kostrhun	
Kostřica	Rom	id_0306	https://www.psp.cz/sqw/detail.sqw?id=5940	https://cs.wikipedia.org/wiki/Rom_Kostřica	
Kotalíková	Patricie	id_0307	http://www.psp.cz/sqw/detail.sqw?o=6&id=5941	https://cs.wikipedia.org/wiki/Patricie_Kotalíková	
Kotouš	Zdeněk	id_0308	http://www.psp.cz/sqw/detail.sqw?id=5562&o=5	https://cs.wikipedia.org/wiki/Zdeněk_Kotouš	
Kott	Josef	id_0309	https://www.psp.cz/sqw/detail.sqw?id=6246	https://cs.wikipedia.org/wiki/Josef_Kott	
Kott	Petr	id_0310	http://www.psp.cz/sqw/detail.sqw?id=5286&o=4	https://cs.wikipedia.org/wiki/Petr_Kott	
Koubek	Jiří	id_0311	https://www.psp.cz/sqw/detail.sqw?id=6213	https://cs.wikipedia.org/wiki/Jiří_Koubek	
Koubík	Václav	id_0312	http://www.psp.cz/sqw/detail.sqw?id=6096&o=6	https://cs.wikipedia.org/wiki/Václav_Koubík	
Koucký	Jan	id_0313	http://www.psp.cz/sqw/detail.sqw?id=74&o=2	https://cs.wikipedia.org/wiki/Jan_Koucký	
Koudelka	Zdeněk	id_0314	http://www.psp.cz/sqw/detail.sqw?id=382&o=4	https://cs.wikipedia.org/wiki/Zdeněk_Koudelka	
Kováčik	Pavel	id_0315	https://www.psp.cz/sqw/detail.sqw?id=309	https://cs.wikipedia.org/wiki/Pavel_Kováčik	
Kovářová	Věra	id_0316	https://www.psp.cz/sqw/detail.sqw?id=6214	https://cs.wikipedia.org/wiki/Věra_Kovářová	
Kozel	František	id_0317	https://www.psp.cz/sqw/detail.sqw?id=76&o=2	https://cs.wikipedia.org/wiki/František_Kozel	
Krajíček	Miroslav	id_0318	http://www.psp.cz/sqw/detail.sqw?id=383&o=5	https://cs.wikipedia.org/wiki/Miroslav_Krajíček	
Krákora	Jaroslav	id_0319	https://www.psp.cz/sqw/detail.sqw?id=5279	https://cs.wikipedia.org/wiki/Jaroslav_Krákora	
Krampera	Zdeněk	id_0320	http://www.psp.cz/sqw/detail.sqw?o=2&id=319	https://cs.wikipedia.org/wiki/Zdeněk_Krampera	
Krása	Václav	id_0321	http://www.psp.cz/sqw/detail.sqw?id=79&o=3	https://cs.wikipedia.org/wiki/Václav_Krása	
Krátký	Libor	id_0322	http://www.psp.cz/sqw/detail.sqw?id=384&o=3	https://cs.wikipedia.org/wiki/Libor_Krátký	
Kratochvíle	Karel	id_0323	http://www.psp.cz/sqw/detail.sqw?id=5385&o=5	https://cs.wikipedia.org/wiki/Karel_Kratochvíle	
Kraus	Michal	id_0324	http://www.psp.cz/sqw/detail.sqw?id=77&o=4	https://cs.wikipedia.org/wiki/Michal_Kraus	
Krejčí	Josef	id_0325	https://www.psp.cz/sqw/detail.sqw?o=3&id=385	https://cs.wikipedia.org/wiki/Josef_Krejčí	
Krejsa	Josef	id_0326	http://www.psp.cz/sqw/detail.sqw?o=2&id=320	https://cs.wikipedia.org/wiki/Josef_Krejsa	
Krill	Petr	id_0327	http://www.psp.cz/sqw/detail.sqw?id=5306&o=5	https://cs.wikipedia.org/wiki/Petr_Krill	
Kroupa	Daniel	id_0328	http://www.psp.cz/sqw/detail.sqw?id=289&o=2	https://cs.wikipedia.org/wiki/Daniel_Kroupa	
Krupka	Jaroslav	id_0329	http://www.psp.cz/sqw/detail.sqw?id=5473&o=6	https://cs.wikipedia.org/wiki/Jaroslav_Krupka	
Křeček	Stanislav	id_0330	http://www.psp.cz/sqw/detail.sqw?id=386&o=6	https://cs.wikipedia.org/wiki/Stanislav_Křeček	
Kubata	Jan	id_0331	http://www.psp.cz/sqw/detail.sqw?id=6008&o=6	https://cs.wikipedia.org/wiki/Jan_Kubata	
Kubata	Václav	id_0332	http://www.psp.cz/sqw/detail.sqw?o=6&id=5942	https://cs.wikipedia.org/wiki/Václav_Kubata	
Kubíček	Roman	id_0333	https://www.psp.cz/sqw/detail.sqw?id=6215	https://cs.wikipedia.org/wiki/Roman_Kubíček	
Kubinyi	Josef	id_0334	http://www.psp.cz/sqw/detail.sqw?id=5316&o=5	https://cs.wikipedia.org/wiki/Josef_Kubinyi	
Kubjátová	Yvona	id_0335	http://www.psp.cz/sqw/detail.sqw?id=5889&o=5	https://cs.wikipedia.org/wiki/Yvona_Kubjátová	
Kubuš	Pavol	id_0336	http://www.psp.cz/sqw/detail.sqw?id=5407&o=5	https://cs.wikipedia.org/wiki/Pavol_Kubuš	
Kubuš	Pavol	id_0337	http://www.psp.cz/sqw/detail.sqw?id=5407&o=5	https://cs.wikipedia.org/wiki/Pavol_Kubuš	
Kučera	Michal	id_0338	https://www.psp.cz/sqw/detail.sqw?id=6216	https://cs.wikipedia.org/wiki/Michal_Kučera	
Kučera	Miloslav	id_0339	http://www.psp.cz/sqw/detail.sqw?id=5253&o=4	https://cs.wikipedia.org/wiki/Miloslav_Kučera	
Kučera	Miloslav	id_0340	http://www.psp.cz/sqw/detail.sqw?id=5253&o=4	https://cs.wikipedia.org/wiki/Miloslav_Kučera	
Kudela	Petr	id_0341	https://www.psp.cz/sqw/detail.sqw?id=6217	https://cs.wikipedia.org/wiki/Petr_Kudela	
Kudláček	Libor	id_0342	https://www.psp.cz/sqw/detail.sqw?o=2&id=290	https://cs.wikipedia.org/wiki/Libor_Kudláček	
Kufa	Rudolf	id_0343	http://www.psp.cz/sqw/detail.sqw?o=5&id=5474	https://cs.wikipedia.org/wiki/Rudolf_Kufa	
Kühnl	Karel	id_0344	http://www.psp.cz/sqw/detail.sqw?id=389&o=4	https://cs.wikipedia.org/wiki/Karel_Kühnl	
Kulka	Dušan	id_0345	http://www.psp.cz/sqw/detail.sqw?id=291&o=2	https://cs.wikipedia.org/wiki/Dušan_Kulka	
Kuneš	Michael	id_0346	http://www.psp.cz/sqw/detail.sqw?o=3&id=224	https://cs.wikipedia.org/wiki/Michael_Kuneš	
Kupčová	Jitka	id_0347	http://www.psp.cz/sqw/detail.sqw?id=225&o=4	https://cs.wikipedia.org/wiki/Jitka_Kupčová	
Kužílek	Oldřich	id_0348	http://www.psp.cz/sqw/detail.sqw?id=87&o=2	https://cs.wikipedia.org/wiki/Oldřich_Kužílek	
Kužvart	Miloš	id_0349	http://www.psp.cz/sqw/detail.sqw?id=454&o=4	https://cs.wikipedia.org/wiki/Miloš_Kužvart	
Kvapil	Tomáš	id_0350	http://www.psp.cz/sqw/detail.sqw?id=390&o=5	https://cs.wikipedia.org/wiki/Tomáš_Kvapil	
Květák	Tomáš	id_0351	http://www.psp.cz/sqw/detail.sqw?id=265&o=2	https://cs.wikipedia.org/wiki/Tomáš_Květák	
Kynčl	Milan	id_0352	http://www.psp.cz/sqw/detail.sqw?id=336&o=2	https://cs.wikipedia.org/wiki/Milan_Kynčl	
Lachnit	Petr	id_0353	http://www.psp.cz/sqw/detail.sqw?id=5120&o=4	https://cs.wikipedia.org/wiki/Petr_Lachnit	
Lang	Pavel	id_0354	http://www.psp.cz/sqw/detail.sqw?id=391&o=3	https://cs.wikipedia.org/wiki/Pavel_Lang	
Langer	Ivan	id_0355	http://www.psp.cz/sqw/detail.sqw?id=266&o=5	https://cs.wikipedia.org/wiki/Ivan_Langer	
Langšádlová	Helena	id_0356	https://www.psp.cz/sqw/detail.sqw?id=5943	https://cs.wikipedia.org/wiki/Helena_Langšádlová	
Lank	Martin	id_0357	https://www.psp.cz/sqw/detail.sqw?id=6218	https://cs.wikipedia.org/wiki/Martin_Lank	https://twitter.com/LankRealiste
Laštůvka	Vladimír	id_0358	http://www.psp.cz/sqw/detail.sqw?id=226&o=4	https://cs.wikipedia.org/wiki/Vladimír_Laštůvka	
Látka	Jan	id_0359	http://www.psp.cz/sqw/detail.sqw?id=5475&o=6	https://cs.wikipedia.org/wiki/Jan_Látka	
Laudát	František	id_0360	https://www.psp.cz/sqw/detail.sqw?id=5476	https://cs.wikipedia.org/wiki/František_Laudát	
Ledvinka	Karel	id_0361	http://www.psp.cz/sqw/detail.sqw?id=89&o=2	https://cs.wikipedia.org/wiki/Karel_Ledvinka	
Lesenská	Vladimíra	id_0362	http://www.psp.cz/sqw/detail.sqw?o=6&id=5477	https://cs.wikipedia.org/wiki/Vladimíra_Lesenská	
Leština	Miroslav	id_0363	http://www.psp.cz/sqw/detail.sqw?id=339&o=2	https://cs.wikipedia.org/wiki/Miroslav_Leština	
Levá	Ivana	id_0364	http://www.psp.cz/sqw/detail.sqw?id=5274&o=6	https://cs.wikipedia.org/wiki/Ivana_Levá	
Lhota	Zdeněk	id_0365	http://www.psp.cz/sqw/detail.sqw?id=5478&o=5	https://cs.wikipedia.org/wiki/Zdeněk_Lhota	
Libý	Ladislav	id_0366	http://www.psp.cz/sqw/detail.sqw?id=5479&o=5	https://cs.wikipedia.org/wiki/Ladislav_Libý	
Liška	Ondřej	id_0367	http://www.psp.cz/sqw/detail.sqw?id=5480&o=5	https://cs.wikipedia.org/wiki/Ondřej_Liška	https://www.facebook.com/liska.ondrej/
Lobkowicz	Jaroslav	id_0368	https://www.psp.cz/sqw/detail.sqw?id=392	https://cs.wikipedia.org/wiki/Jaroslav_Lobkowicz	
Lobkowicz	Michal	id_0369	http://www.psp.cz/sqw/detail.sqw?id=91&o=3&s=1	https://cs.wikipedia.org/wiki/Michal_Lobkowicz	
Lorencová	Jana	id_0370	https://www.psp.cz/sqw/detail.sqw?id=6219	https://cs.wikipedia.org/wiki/Jana_Lorencová	
Loukota	Milan	id_0371	http://www.psp.cz/sqw/detail.sqw?id=93&o=2	https://cs.wikipedia.org/wiki/Milan_Loukota	
Lukáš	Věnceslav	id_0372	http://www.psp.cz/sqw/detail.sqw?id=94&o=2	https://cs.wikipedia.org/wiki/Věnceslav_Lukáš	
Lukša	Pavol	id_0373	http://www.psp.cz/sqw/detail.sqw?id=5944&o=6	https://cs.wikipedia.org/wiki/Pavol_Lukša	
Lux	Josef	id_0374	http://www.psp.cz/sqw/detail.sqw?o=3&id=299	https://cs.wikipedia.org/wiki/Josef_Lux	
Luzar	Leo	id_0375	https://www.psp.cz/sqw/detail.sqw?id=6279	https://cs.wikipedia.org/wiki/Leo_Luzar	
Mackovík	Stanislav	id_0376	https://www.psp.cz/sqw/detail.sqw?id=6220	https://cs.wikipedia.org/wiki/Stanislav_Mackovík	
Máče	Miroslav	id_0377	http://www.psp.cz/sqw/detail.sqw?id=393&o=4	https://cs.wikipedia.org/wiki/Miroslav_Máče	
Mach	Karel	id_0378	http://www.psp.cz/sqw/detail.sqw?id=95&o=2	https://cs.wikipedia.org/wiki/Karel_Mach	
Mach	Zdeněk	id_0379	http://www.psp.cz/sqw/detail.sqw?id=5481&o=5	https://cs.wikipedia.org/wiki/Zdeněk_Mach	
Macháček	Antonín	id_0380	http://www.psp.cz/sqw/detail.sqw?id=227&o=4	https://cs.wikipedia.org/wiki/Antonín_Macháček	
Machatá	Marie	id_0381	http://www.psp.cz/sqw/detail.sqw?o=3&id=394	https://cs.wikipedia.org/wiki/Marie_Machatá	
Machovec	Karel	id_0382	http://www.psp.cz/sqw/detail.sqw?o=2&id=228	https://cs.wikipedia.org/wiki/Karel_Machovec	
Maixner	Pavel	id_0383	http://www.psp.cz/sqw/detail.sqw?id=321&o=2	https://cs.wikipedia.org/wiki/Pavel_Maixner	
Mallotová	Helena	id_0384	http://www.psp.cz/sqw/detail.sqw?id=5258&o=5	https://cs.wikipedia.org/wiki/Helena_Mallotová	
Maňásek	Jaroslav	id_0385	http://www.psp.cz/sqw/detail.sqw?id=229&o=3	https://cs.wikipedia.org/wiki/Jaroslav_Maňásek	
Mandík	Josef	id_0386	http://www.psp.cz/sqw/detail.sqw?id=99&o=4	https://cs.wikipedia.org/wiki/Josef_Mandík	
Marcová-Petrová	Jana	id_0387	http://www.psp.cz/sqw/detail.sqw?o=2&id=271	https://cs.wikipedia.org/wiki/Jana_Marcová-Petrová	
Mareš	Petr	id_0388	http://www.psp.cz/sqw/detail.sqw?id=395&o=3	https://cs.wikipedia.org/wiki/Petr_Mareš	
Marková	Soňa	id_0389	https://www.psp.cz/sqw/detail.sqw?id=5290	https://cs.wikipedia.org/wiki/Soňa_Marková	
Maršíček	Zdeněk	id_0390	http://www.psp.cz/sqw/detail.sqw?o=5&id=5328	https://cs.wikipedia.org/wiki/Zdeněk_Maršíček	
Martínek	Radko	id_0391	http://www.psp.cz/sqw/detail.sqw?id=396&o=5	https://cs.wikipedia.org/wiki/Radko_Martínek	
Martinů	Jaroslav	id_0392	http://www.psp.cz/sqw/detail.sqw?o=6&id=5945	https://cs.wikipedia.org/wiki/Jaroslav_Martinů	
Marvanová	Hana	id_0393	http://www.psp.cz/sqw/detail.sqw?id=100&o=4	https://cs.wikipedia.org/wiki/Hana_Marvanová	
Máša	Miloš	id_0394	http://www.psp.cz/sqw/detail.sqw?id=5386&o=4	https://cs.wikipedia.org/wiki/Miloš_Máša	
Mašek	Ivan	id_0395	http://www.psp.cz/sqw/detail.sqw?id=102&o=2	https://cs.wikipedia.org/wiki/Ivan_Mašek	
Maštálka	Jiří	id_0396	http://www.psp.cz/sqw/detail.sqw?id=310&o=4	https://cs.wikipedia.org/wiki/Jiří_Maštálka	
Matějů	Petr	id_0397	http://www.psp.cz/sqw/detail.sqw?id=397&o=3	https://cs.wikipedia.org/wiki/Petr_Matějů	
Matulka	Dalibor	id_0398	http://www.psp.cz/sqw/detail.sqw?id=105&o=3	https://cs.wikipedia.org/wiki/Dalibor_Matulka	
Matušovská	Květa	id_0399	https://www.psp.cz/sqw/detail.sqw?id=5938	https://cs.wikipedia.org/wiki/Květa_Matušovská	
Maxová	Radka	id_0400	https://www.psp.cz/sqw/detail.sqw?id=6221	https://cs.wikipedia.org/wiki/Radka_Maxová	
Mazuchová	Lenka	id_0401	http://www.psp.cz/sqw/detail.sqw?id=5414&o=5	https://cs.wikipedia.org/wiki/Lenka_Mazuchová	
Mečíř	Martin	id_0402	http://www.psp.cz/sqw/detail.sqw?id=6120&o=6	https://cs.wikipedia.org/wiki/Martin_Mečíř	
Melčák	Miloš	id_0403	http://www.psp.cz/sqw/detail.sqw?id=230&o=5	https://cs.wikipedia.org/wiki/Miloš_Melčák	
Melichar	Jaroslav	id_0404	http://www.psp.cz/sqw/detail.sqw?id=107&o=3	https://cs.wikipedia.org/wiki/Jaroslav_Melichar	
Mencl	Václav	id_0405	http://www.psp.cz/sqw/detail.sqw?id=5300&o=6	https://cs.wikipedia.org/wiki/Václav_Mencl	
Mertinová	Marcela	id_0406	http://www.psp.cz/sqw/detail.sqw?o=5&id=5482	https://cs.wikipedia.org/wiki/Marcela_Mertinová	
Mihaličková	Monika	id_0407	http://www.psp.cz/sqw/detail.sqw?o=3&id=368	https://cs.wikipedia.org/wiki/Monika_Mihaličková	
Mihola	Jiří	id_0408	https://www.psp.cz/sqw/detail.sqw?id=6222	https://cs.wikipedia.org/wiki/Jiří_Mihola	https://twitter.com/JMihola
Michalík	Alfréd	id_0409	http://www.psp.cz/sqw/detail.sqw?id=5317&o=6	https://cs.wikipedia.org/wiki/Alfréd_Michalík	
Mikuta	Josef	id_0410	http://www.psp.cz/sqw/detail.sqw?id=5276&o=4	https://cs.wikipedia.org/wiki/Josef_Mikuta	
Mládek	Jan	id_0411	https://www.psp.cz/sqw/detail.sqw?id=5269	https://cs.wikipedia.org/wiki/Jan_Mládek	https://twitter.com/jan_mladek?lang=cs
Mlčák	Ladislav	id_0412	http://www.psp.cz/sqw/detail.sqw?id=5308&o=5	https://cs.wikipedia.org/wiki/Ladislav_Mlčák	
Mlynář	Vladimír	id_0413	http://www.psp.cz/sqw/detail.sqw?id=398&o=4	https://cs.wikipedia.org/wiki/Vladimír_Mlynář	
Mocová	Dagmar	id_0414	http://www.psp.cz/sqw/detail.sqw?id=5387&o=4	https://cs.wikipedia.org/wiki/Dagmar_Mocová	
Molendová	Dagmar	id_0415	http://www.psp.cz/sqw/detail.sqw?id=5483&o=5	https://cs.wikipedia.org/wiki/Dagmar_Molendová	
Molín	Josef	id_0416	http://www.psp.cz/sqw/detail.sqw?id=337&o=2	https://cs.wikipedia.org/wiki/Josef_Molín	
Morava	Jan	id_0417	http://www.psp.cz/sqw/detail.sqw?id=5484&o=5	https://cs.wikipedia.org/wiki/Jan_Morava	
Müllerová	Ludmila	id_0418	http://www.psp.cz/sqw/detail.sqw?id=399&o=3	https://cs.wikipedia.org/wiki/Ludmila_Müllerová	
Nájemník	Václav	id_0419	http://www.psp.cz/sqw/detail.sqw?id=110&o=4	https://cs.wikipedia.org/wiki/Václav_Nájemník	
Navarová	Světlana	id_0420	http://www.psp.cz/sqw/detail.sqw?id=5193&o=3	https://cs.wikipedia.org/wiki/Světlana_Navarová	
Navrátil	Dušan	id_0421	http://www.psp.cz/sqw/detail.sqw?id=292&o=2	https://cs.wikipedia.org/wiki/Dušan_Navrátil	
Navrátilová	Dagmar	id_0422	http://www.psp.cz/sqw/detail.sqw?id=5946&o=6	https://cs.wikipedia.org/wiki/Dagmar_Navrátilová	
Navrátilová	Ludmila	id_0423	http://www.psp.cz/sqw/detail.sqw?id=5774&o=5	https://cs.wikipedia.org/wiki/Ludmila_Navrátilová	
Nečas	Petr	id_0424	http://www.psp.cz/sqw/detail.sqw?id=111&o=6	https://cs.wikipedia.org/wiki/Petr_Nečas	
Nedvědová	Marie	id_0425	http://www.psp.cz/sqw/detail.sqw?o=6&id=5947	https://cs.wikipedia.org/wiki/Marie_Nedvědová	
Nedvědová	Veronika	id_0426	http://www.psp.cz/sqw/detail.sqw?id=400&o=4	https://cs.wikipedia.org/wiki/Veronika_Nedvědová	
Nehera	Jindřich	id_0427	http://www.psp.cz/sqw/detail.sqw?id=322&s=1&o=2	https://cs.wikipedia.org/wiki/Jindřich_Nehera	
Nejezchleb	Karel	id_0428	http://www.psp.cz/sqw/detail.sqw?id=267&o=2	https://cs.wikipedia.org/wiki/Karel_Nejezchleb	
Nekl	Josef	id_0429	https://www.psp.cz/sqw/detail.sqw?id=5948	https://cs.wikipedia.org/wiki/Josef_Nekl	
Němcová	Miroslava	id_0430	https://www.psp.cz/sqw/detail.sqw?id=401	https://cs.wikipedia.org/wiki/Miroslava_Němcová	https://www.facebook.com/miroslava.nemcova/
Němec	Igor	id_0431	http://www.psp.cz/sqw/detail.sqw?id=338&o=2	https://cs.wikipedia.org/wiki/Igor_Němec	
Němec	Pavel	id_0432	http://www.psp.cz/sqw/detail.sqw?id=403&o=4	https://cs.wikipedia.org/wiki/Pavel_Němec	
Němec	Pavel	id_0433	http://www.psp.cz/sqw/detail.sqw?o=5&id=5775	https://cs.wikipedia.org/wiki/Pavel_Němec	
Němec	Stanislav	id_0434	http://www.psp.cz/sqw/detail.sqw?id=402&o=3	https://cs.wikipedia.org/wiki/Stanislav_Němec	
Němec	Oldřich	id_0435	http://www.psp.cz/sqw/detail.sqw?id=5283&o=4	https://cs.wikipedia.org/wiki/Oldřich_Němec	
Němeček	Vít	id_0436	http://www.psp.cz/sqw/detail.sqw?id=5949&o=6	https://cs.wikipedia.org/wiki/Vít_Němeček	
Neubauer	Václav	id_0437	http://www.psp.cz/sqw/detail.sqw?o=6&id=5950	https://cs.wikipedia.org/wiki/Václav_Neubauer	
Nohavová	Alena	id_0438	https://www.psp.cz/sqw/detail.sqw?id=6223	https://cs.wikipedia.org/wiki/Alena_Nohavová	
Novák	František	id_0439	http://www.psp.cz/sqw/detail.sqw?id=268&o=2	https://cs.wikipedia.org/wiki/František_Novák	
Novák	Jaroslav	id_0440	http://www.psp.cz/sqw/detail.sqw?id=115&o=2	https://cs.wikipedia.org/wiki/Jaroslav_Novák	
Novák	Jiří	id_0441	http://www.psp.cz/sqw/detail.sqw?id=116&o=2	https://cs.wikipedia.org/wiki/Jiří_Novák	
Novák	Libor	id_0442	http://www.psp.cz/sqw/detail.sqw?id=118&o=2	https://cs.wikipedia.org/wiki/Libor_Novák	
Nováková	Nina	id_0443	https://www.psp.cz/sqw/detail.sqw?id=6176	https://cs.wikipedia.org/wiki/Nina_Nováková	
Nováková	Eva	id_0444	http://www.psp.cz/sqw/detail.sqw?id=5254&o=4	https://cs.wikipedia.org/wiki/Eva_Nováková	
Noveská	Marie	id_0445	http://www.psp.cz/sqw/detail.sqw?id=231&o=2	https://cs.wikipedia.org/wiki/Marie_Noveská	
Novosad	František	id_0446	http://www.psp.cz/sqw/detail.sqw?id=5485&o=6	https://cs.wikipedia.org/wiki/František_Novosad	
Novotný	Josef	id_0447	http://www.psp.cz/sqw/detail.sqw?id=5991&o=6	https://cs.wikipedia.org/wiki/Josef_Novotný	
Novotný	Josef	id_0448	https://www.psp.cz/sqw/detail.sqw?id=5991	https://cs.wikipedia.org/wiki/Josef_Novotný	
Novotný	Martin	id_0449	https://www.psp.cz/sqw/detail.sqw?id=6175	https://cs.wikipedia.org/wiki/Martin_Novotný	
Novotný	Zbyněk	id_0450	http://www.psp.cz/sqw/detail.sqw?o=5&id=5259	https://cs.wikipedia.org/wiki/Zbyněk_Novotný	
Nowak	Libor	id_0451	http://www.psp.cz/sqw/detail.sqw?o=5&id=5867	https://cs.wikipedia.org/wiki/Libor_Nowak	
Nykl	Igor	id_0452	https://www.psp.cz/sqw/detail.sqw?id=6174	https://cs.wikipedia.org/wiki/Igor_Nykl	
Nytrová	Pavlína	id_0453	https://www.psp.cz/sqw/detail.sqw?id=6173	https://cs.wikipedia.org/wiki/Pavlína_Nytrová	
Nývltová	Radomíra	id_0454	http://www.psp.cz/sqw/detail.sqw?id=323&o=2&s=1	https://cs.wikipedia.org/wiki/Radomíra_Nývltová	
Ohlídal	Ivan	id_0455	http://www.psp.cz/sqw/detail.sqw?id=5486&o=6	https://cs.wikipedia.org/wiki/Ivan_Ohlídal	
Okamura	Tomio	id_0456	https://www.psp.cz/sqw/detail.sqw?id=6105	https://cs.wikipedia.org/wiki/Tomio_Okamura	http://www.tomio.cz/
Okleštěk	Ladislav	id_0457	https://www.psp.cz/sqw/detail.sqw?id=6172	https://cs.wikipedia.org/wiki/Ladislav_Okleštěk	
Oliva	Jiří	id_0458	http://www.psp.cz/sqw/detail.sqw?id=5951&o=6	https://cs.wikipedia.org/wiki/Jiří_Oliva	
Ondráček	Zdeněk	id_0459	https://www.psp.cz/sqw/detail.sqw?id=6224	https://cs.wikipedia.org/wiki/Zdeněk_Ondráček	https://www.facebook.com/OndracekZdenek%20/
Ondruš	František	id_0460	http://www.psp.cz/sqw/detail.sqw?id=404&o=3	https://cs.wikipedia.org/wiki/František_Ondruš	
Opálka	Miroslav	id_0461	https://www.psp.cz/sqw/detail.sqw?id=5322	https://cs.wikipedia.org/wiki/Miroslav_Opálka	
Orel	Jaroslav	id_0462	http://www.psp.cz/sqw/detail.sqw?o=2&id=300	https://cs.wikipedia.org/wiki/Jaroslav_Orel	
Orgoníková	Hana	id_0463	http://www.psp.cz/sqw/detail.sqw?id=122&o=6	https://cs.wikipedia.org/wiki/Hana_Orgoníková	
Ostrý	Vlastimil	id_0464	http://www.psp.cz/sqw/detail.sqw?id=5305&o=4	https://cs.wikipedia.org/wiki/Vlastimil_Ostrý	
Ouzký	Miroslav	id_0465	http://www.psp.cz/sqw/detail.sqw?o=4&id=405	https://cs.wikipedia.org/wiki/Miroslav_Ouzký	
Paggio	Viktor	id_0466	http://www.psp.cz/sqw/detail.sqw?id=5952&o=6	https://cs.wikipedia.org/wiki/Viktor_Paggio	
Pajer	Jan	id_0467	http://www.psp.cz/sqw/detail.sqw?o=6&id=5953	https://cs.wikipedia.org/wiki/Jan_Pajer	
Palas	Jaroslav	id_0468	http://www.psp.cz/sqw/detail.sqw?id=124&o=4	https://cs.wikipedia.org/wiki/Jaroslav_Palas	
Papež	Jiří	id_0469	http://www.psp.cz/sqw/detail.sqw?id=269&o=6	https://cs.wikipedia.org/wiki/Jiří_Papež	
Páralová	Alena	id_0470	http://www.psp.cz/sqw/detail.sqw?id=406&o=5	https://cs.wikipedia.org/wiki/Alena_Páralová	
Parkanová	Vlasta	id_0471	http://www.psp.cz/sqw/detail.sqw?id=340&o=6	https://cs.wikipedia.org/wiki/Vlasta_Parkanová	http://www.parkanova.cz/
Paroubek	Jiří	id_0472	http://www.psp.cz/sqw/detail.sqw?id=5384&o=6	https://cs.wikipedia.org/wiki/Jiří_Paroubek	https://www.facebook.com/profil.paroubek/
Pastuchová	Jana	id_0473	https://www.psp.cz/sqw/detail.sqw?id=6225	https://cs.wikipedia.org/wiki/Jana_Pastuchová	
Pátek	Miroslav	id_0474	http://www.psp.cz/sqw/detail.sqw?id=5281&o=4	https://cs.wikipedia.org/wiki/Miroslav_Pátek	
Patera	Miloš	id_0475	http://www.psp.cz/sqw/detail.sqw?o=5&id=5277	https://cs.wikipedia.org/wiki/Miloš_Patera	
Patočka	Jiří	id_0476	http://www.psp.cz/sqw/detail.sqw?id=407&o=4	https://cs.wikipedia.org/wiki/Jiří_Patočka	
Paulík	Vladimír	id_0477	http://www.psp.cz/sqw/detail.sqw?id=408&o=3	https://cs.wikipedia.org/wiki/Vladimír_Paulík	
Páv	Tomáš	id_0478	http://www.psp.cz/sqw/detail.sqw?id=128&o=2	https://cs.wikipedia.org/wiki/Tomáš_Páv	
Pavera	Herbert	id_0479	https://www.psp.cz/sqw/detail.sqw?id=6227	https://cs.wikipedia.org/wiki/Herbert_Pavera	
Payne	Jiří	id_0480	https://www.psp.cz/sqw/detail.sqw?id=127&o=3	https://cs.wikipedia.org/wiki/Jiří_Payne	https://www.facebook.com/jiri.payne
Peake	Karolína	id_0481	http://www.psp.cz/sqw/detail.sqw?id=5954&o=6	https://cs.wikipedia.org/wiki/Karolína_Peake	https://www.facebook.com/profile.php?id=100009139577320
Pecina	Martin	id_0482	http://www.psp.cz/sqw/detail.sqw?o=6&id=5552	https://cs.wikipedia.org/wiki/Martin_Pecina	
Pecková	Gabriela	id_0483	https://www.psp.cz/sqw/detail.sqw?id=5955	https://cs.wikipedia.org/wiki/Gabriela_Pecková	
Pejřil	František	id_0484	http://www.psp.cz/sqw/detail.sqw?id=409&o=3	https://cs.wikipedia.org/wiki/František_Pejřil	
Pekárek	Roman	id_0485	http://www.psp.cz/sqw/detail.sqw?id=6097&o=6	https://cs.wikipedia.org/wiki/Roman_Pekárek	
Pekarová Adamová	Markéta	id_0486	https://www.psp.cz/sqw/detail.sqw?id=6147	https://cs.wikipedia.org/wiki/Markéta_Pekarová_Adamová	https://twitter.com/market_a
Pelc	František	id_0487	http://www.psp.cz/sqw/detail.sqw?id=5287&o=4	https://cs.wikipedia.org/wiki/František_Pelc	
Pěnčíková	Marie	id_0488	https://www.psp.cz/sqw/detail.sqw?id=6228	https://cs.wikipedia.org/wiki/Marie_Pěnčíková	
Pěnička	Stanislav	id_0489	http://www.psp.cz/sqw/detail.sqw?id=131&o=2	https://cs.wikipedia.org/wiki/Stanislav_Pěnička	
Perger	Jaroslav	id_0490	http://www.psp.cz/sqw/detail.sqw?o=3&id=5241	https://cs.wikipedia.org/wiki/Jaroslav_Perger	
Pešán	Jaroslav	id_0491	http://www.psp.cz/sqw/detail.sqw?id=270&o=4	https://cs.wikipedia.org/wiki/Jaroslav_Pešán	
Pešek	Pavel	id_0492	http://www.psp.cz/sqw/detail.sqw?id=129&o=3	https://cs.wikipedia.org/wiki/Pavel_Pešek	
Pešková	Jana	id_0493	http://www.psp.cz/sqw/detail.sqw?id=324&o=2	https://cs.wikipedia.org/wiki/Jana_Pešková	
Petera	Miloš	id_0494	http://www.psp.cz/sqw/detail.sqw?id=6229&org=171	https://cs.wikipedia.org/wiki/Miloš_Petera	
Petr	Břetislav	id_0495	http://www.psp.cz/sqw/detail.sqw?id=410&o=6	https://cs.wikipedia.org/wiki/Břetislav_Petr	
Petráň	Miroslav	id_0496	http://www.psp.cz/sqw/detail.sqw?o=6&id=6003	https://cs.wikipedia.org/wiki/Miroslav_Petráň	
Petrtýl	František	id_0497	https://www.psp.cz/sqw/detail.sqw?id=6409	https://cs.wikipedia.org/wiki/František_Petrtýl	
Petrů	Jiří	id_0498	https://www.psp.cz/sqw/detail.sqw?id=5487	https://cs.wikipedia.org/wiki/Jiří_Petrů	
Petruška	Daniel	id_0499	http://www.psp.cz/sqw/detail.sqw?id=5488&o=5	https://cs.wikipedia.org/wiki/Daniel_Petruška	
Pfléger	Stanislav	id_0500	https://www.psp.cz/sqw/detail.sqw?id=6230	https://cs.wikipedia.org/wiki/Stanislav_Pfléger	
Pícl	Václav	id_0501	http://www.psp.cz/sqw/detail.sqw?id=411&o=4	https://cs.wikipedia.org/wiki/Václav_Pícl	
Pilip	Ivan	id_0502	http://www.psp.cz/sqw/detail.sqw?id=272&o=3	https://cs.wikipedia.org/wiki/Ivan_Pilip	
Pilný	Ivan	id_0503	https://www.psp.cz/sqw/detail.sqw?id=6231	https://cs.wikipedia.org/wiki/Ivan_Pilný	https://twitter.com/IvanPilny
Plachý	Jaroslav	id_0504	http://www.psp.cz/sqw/detail.sqw?id=273&o=6	https://cs.wikipedia.org/wiki/Jaroslav_Plachý	
Plánička	Pavel	id_0505	http://www.psp.cz/sqw/detail.sqw?id=5242&o=3	https://cs.wikipedia.org/wiki/Pavel_Plánička	
Plašil	Ondřej	id_0506	http://www.psp.cz/sqw/detail.sqw?o=5&id=5489	https://cs.wikipedia.org/wiki/Ondřej_Plašil	
Plechatá	Ivana	id_0507	http://www.psp.cz/sqw/detail.sqw?id=274&o=2	https://cs.wikipedia.org/wiki/Ivana_Plechatá	
Pleticha	Lukáš	id_0508	https://www.psp.cz/sqw/detail.sqw?id=6232	https://cs.wikipedia.org/wiki/Lukáš_Pleticha	
Pleva	Petr	id_0509	http://www.psp.cz/sqw/detail.sqw?id=275&o=5	https://cs.wikipedia.org/wiki/Petr_Pleva	
Plíšek	Martin	id_0510	https://www.psp.cz/sqw/detail.sqw?id=6280	https://cs.wikipedia.org/wiki/Martin_Plíšek	
Ploc	Pavel	id_0511	https://www.psp.cz/sqw/detail.sqw?id=5490	https://cs.wikipedia.org/wiki/Pavel_Ploc	
Plzák	Pavel	id_0512	https://www.psp.cz/sqw/detail.sqw?id=6171	https://cs.wikipedia.org/wiki/Pavel_Plzák	
Podivínský	Tomáš	id_0513	http://www.psp.cz/sqw/detail.sqw?id=6134&org=171	https://cs.wikipedia.org/wiki/Tomáš_Podivínský	
Pohanka	Michal	id_0514	http://www.psp.cz/sqw/detail.sqw?o=5&id=5491	https://cs.wikipedia.org/wiki/Michal_Pohanka	
Pojezný	Ivo	id_0515	https://www.psp.cz/sqw/detail.sqw?id=6233	https://cs.wikipedia.org/wiki/Ivo_Pojezný	
Pokorná Jermanová	Jaroslava	id_0516	http://www.psp.cz/sqw/detail.sqw?id=6202&org=171	https://cs.wikipedia.org/wiki/Jaroslava_Pokorná_Jermanová	https://www.facebook.com/jarkajermanova/
Poláček	Josef	id_0517	http://www.psp.cz/sqw/detail.sqw?id=5377&o=4	https://cs.wikipedia.org/wiki/Josef_Poláček	
Polanský	Jiří	id_0518	http://www.psp.cz/sqw/detail.sqw?id=5492&o=5	https://cs.wikipedia.org/wiki/Jiří_Polanský	
Polášek	Luděk	id_0519	http://www.psp.cz/sqw/detail.sqw?id=232&o=3	https://cs.wikipedia.org/wiki/Luděk_Polášek	
Polčák	Stanislav	id_0520	http://www.psp.cz/sqw/detail.sqw?id=5956&org=171	https://cs.wikipedia.org/wiki/Stanislav_Polčák	https://twitter.com/stanislavpolcak?lang=cs
Pospíšil	Jiří	id_0521	http://www.psp.cz/sqw/detail.sqw?id=5273&org=171	https://cs.wikipedia.org/wiki/Jiří_Pospíšil	https://twitter.com/Pospisil_Jiri?lang=cs
Pražák	Karel	id_0522	https://www.psp.cz/sqw/detail.sqw?id=6234	https://cs.wikipedia.org/wiki/Karel_Pražák	
Procházka	Roman	id_0523	https://www.psp.cz/sqw/detail.sqw?id=6235	https://cs.wikipedia.org/wiki/Roman_Procházka	
Procházka	Vladimír	id_0524	http://www.psp.cz/sqw/detail.sqw?o=1&id=133	https://cs.wikipedia.org/wiki/Vladimír_Procházka	
Prokop	Michal	id_0525	http://www.psp.cz/sqw/detail.sqw?o=2&id=293	https://cs.wikipedia.org/wiki/Michal_Prokop	
Prosek	Zdeněk	id_0526	http://www.psp.cz/sqw/detail.sqw?o=5&id=5493	https://cs.wikipedia.org/wiki/Zdeněk_Prosek	
Přibáň	Martin	id_0527	http://www.psp.cz/sqw/detail.sqw?id=134&o=2	https://cs.wikipedia.org/wiki/Martin_Přibáň	
Putnová	Anna	id_0528	https://www.psp.cz/sqw/detail.sqw?id=5957	https://cs.wikipedia.org/wiki/Anna_Putnová	
Rabas	Přemysl	id_0529	http://www.psp.cz/sqw/detail.sqw?id=5494&o=5	https://cs.wikipedia.org/wiki/Přemysl_Rabas	
Rádl	Aleš	id_0530	http://www.psp.cz/sqw/detail.sqw?id=5495&o=6	https://cs.wikipedia.org/wiki/Aleš_Rádl	
Rafaj	Petr	id_0531	http://www.psp.cz/sqw/detail.sqw?id=5318&o=5	https://cs.wikipedia.org/wiki/Petr_Rafaj	
Rais	Karel	id_0532	https://www.psp.cz/sqw/detail.sqw?id=6158	https://cs.wikipedia.org/wiki/Karel_Rais	
Rajsiglová	Laura	id_0533	http://www.psp.cz/sqw/detail.sqw?id=325&o=2	https://cs.wikipedia.org/wiki/Laura_Rajsiglová	
Raninec	Juraj	id_0534	http://www.psp.cz/sqw/detail.sqw?id=5496&o=5	https://cs.wikipedia.org/wiki/Juraj_Raninec	
Ransdorf	Miloslav	id_0535	http://www.psp.cz/sqw/detail.sqw?id=311&o=4	https://cs.wikipedia.org/wiki/Miloslav_Ransdorf	
Rath	David	id_0536	http://www.psp.cz/sqw/detail.sqw?id=5406&o=6	https://cs.wikipedia.org/wiki/David_Rath	
Recman	Svatomír	id_0537	http://www.psp.cz/sqw/detail.sqw?id=136&o=4	https://cs.wikipedia.org/wiki/Svatomír_Recman	
Reiber	Vladimír	id_0538	http://www.psp.cz/sqw/detail.sqw?id=5381&o=4	https://cs.wikipedia.org/wiki/Vladimír_Reiber	
Reisiegel	Daniel	id_0539	http://www.psp.cz/sqw/detail.sqw?o=5&id=5497	https://cs.wikipedia.org/wiki/Daniel_Reisiegel	
Röschová	Anna	id_0540	http://www.psp.cz/sqw/detail.sqw?id=139&o=2	https://cs.wikipedia.org/wiki/Anna_Röschová	
Rouček	Libor	id_0541	http://www.psp.cz/sqw/detail.sqw?id=5264&o=4	https://cs.wikipedia.org/wiki/Libor_Rouček	
Rovan	Daniel	id_0542	http://www.psp.cz/sqw/detail.sqw?o=5&id=5498	https://cs.wikipedia.org/wiki/Daniel_Rovan	
Rozehnal	Aleš	id_0543	http://www.psp.cz/sqw/detail.sqw?id=412&o=4	https://cs.wikipedia.org/wiki/Aleš_Rozehnal	
Roztočil	Aleš	id_0544	http://www.psp.cz/sqw/detail.sqw?o=6&id=5959	https://cs.wikipedia.org/wiki/Aleš_Roztočil	
Ruml	Jan	id_0545	http://www.psp.cz/sqw/detail.sqw?o=2&id=276	https://cs.wikipedia.org/wiki/Jan_Ruml	
Rusnok	Jiří	id_0546	http://www.psp.cz/sqw/detail.sqw?id=5993&o=6	https://cs.wikipedia.org/wiki/Jiří_Rusnok	
Rusová	Marie	id_0547	http://www.psp.cz/sqw/detail.sqw?id=5296&o=6	https://cs.wikipedia.org/wiki/Marie_Rusová	
Rutová	Miloslava	id_0548	https://www.psp.cz/sqw/detail.sqw?id=6379	https://cs.wikipedia.org/wiki/Miloslava_Rutová	
Rybínová	Jana	id_0549	http://www.psp.cz/sqw/detail.sqw?o=5&id=5499	https://cs.wikipedia.org/wiki/Jana_Rybínová	
Rykala	Adam	id_0550	https://www.psp.cz/sqw/detail.sqw?id=5960	https://cs.wikipedia.org/wiki/Adam_Rykala	
Řápková	Ivana	id_0551	http://www.psp.cz/sqw/detail.sqw?id=5961&o=6	https://cs.wikipedia.org/wiki/Ivana_Řápková	
Řebíček	Aleš	id_0552	http://www.psp.cz/sqw/detail.sqw?id=5500&o=5	https://cs.wikipedia.org/wiki/Aleš_Řebíček	
Říha	Vladimír	id_0553	http://www.psp.cz/sqw/detail.sqw?o=4&id=5262	https://cs.wikipedia.org/wiki/Vladimír_Říha	
Řihák	Josef	id_0554	http://www.psp.cz/sqw/detail.sqw?o=5&id=5265	https://cs.wikipedia.org/wiki/Josef_Řihák	
Říman	Martin	id_0555	http://www.psp.cz/sqw/detail.sqw?id=437&o=5	https://cs.wikipedia.org/wiki/Martin_Říman	
Seďa	Antonín	id_0556	https://www.psp.cz/sqw/detail.sqw?id=5310	https://cs.wikipedia.org/wiki/Antonín_Seďa	
Sedláček	Jan	id_0557	https://www.psp.cz/sqw/detail.sqw?id=6226	https://cs.wikipedia.org/wiki/Jan_Sedláček	
Sedlář	Martin	id_0558	https://www.psp.cz/sqw/detail.sqw?id=6153	https://cs.wikipedia.org/wiki/Martin_Sedlář	https://twitter.com/mased101
Sehnalová	Olga	id_0559	http://www.psp.cz/sqw/detail.sqw?o=2&id=233	https://cs.wikipedia.org/wiki/Olga_Sehnalová	
Sehoř	Karel	id_0560	http://www.psp.cz/sqw/detail.sqw?o=5&id=277	https://cs.wikipedia.org/wiki/Karel_Sehoř	
Semelová	Marta	id_0561	https://www.psp.cz/sqw/detail.sqw?id=5962	https://cs.wikipedia.org/wiki/Marta_Semelová	
Severa	Pavel	id_0562	http://www.psp.cz/sqw/detail.sqw?id=143&o=5	https://cs.wikipedia.org/wiki/Pavel_Severa	
Schejbalová	Jaroslava	id_0563	http://www.psp.cz/sqw/detail.sqw?o=6&id=5963	https://cs.wikipedia.org/wiki/Jaroslava_Schejbalová	
Schling	Jaromír	id_0564	http://psp.cz/sqw/detail.sqw?id=234&o=4	https://cs.wikipedia.org/wiki/Jaromír_Schling	
Schwarz	Bronislav	id_0565	https://www.psp.cz/sqw/detail.sqw?id=6236	https://cs.wikipedia.org/wiki/Bronislav_Schwarz	
Schwarzenberg	Karel	id_0566	https://www.psp.cz/sqw/detail.sqw?id=5558	https://cs.wikipedia.org/wiki/Karel_Schwarzenberg	http://www.karelschwarzenberg.cz/
Schwippel	Jan	id_0567	http://www.psp.cz/sqw/detail.sqw?o=5&id=5378	https://cs.wikipedia.org/wiki/Jan_Schwippel	
Sivera	František	id_0568	http://www.psp.cz/sqw/detail.sqw?id=5501&o=6	https://cs.wikipedia.org/wiki/František_Sivera	
Skalický	Jiří	id_0569	https://www.psp.cz/sqw/detail.sqw?id=5964	https://cs.wikipedia.org/wiki/Jiří_Skalický	
Sklenák	Roman	id_0570	https://www.psp.cz/sqw/detail.sqw?id=5965	https://cs.wikipedia.org/wiki/Roman_Sklenák	
Skokan	Petr	id_0571	http://www.psp.cz/en/sqw/detail.sqw?id=5966&s=1&o=6	https://cs.wikipedia.org/wiki/Petr_Skokan	
Skopal	Ladislav	id_0572	http://www.psp.cz/sqw/detail.sqw?o=6&id=235	https://cs.wikipedia.org/wiki/Ladislav_Skopal	
Sládek	Miroslav	id_0573	http://www.psp.cz/sqw/detail.sqw?o=2&id=326	https://cs.wikipedia.org/wiki/Miroslav_Sládek	
Slámová	Klára	id_0574	http://www.psp.cz/sqw/detail.sqw?id=5888&s=1&o=5	https://cs.wikipedia.org/wiki/Klára_Slámová	https://twitter.com/KlaraSlamova
Smetana	Martin	id_0575	http://www.psp.cz/sqw/detail.sqw?o=2&id=327	https://cs.wikipedia.org/wiki/Martin_Smetana	
Smetana	Pavel	id_0576	http://www.psp.cz/sqw/detail.sqw?id=5886&o=5	https://cs.wikipedia.org/wiki/Pavel_Smetana	
Smutný	Jan	id_0577	http://www.psp.cz/sqw/detail.sqw?id=5967&o=6	https://cs.wikipedia.org/wiki/Jan_Smutný	
Smýkal	Josef	id_0578	http://www.psp.cz/sqw/detail.sqw?id=5311&o=6	https://cs.wikipedia.org/wiki/Josef_Smýkal	
Snítilý	Evžen	id_0579	http://www.psp.cz/sqw/detail.sqw?id=236&o=5	https://cs.wikipedia.org/wiki/Evžen_Snítilý	
Snopek	Václav	id_0580	https://www.psp.cz/sqw/detail.sqw?id=5502	https://cs.wikipedia.org/wiki/Václav_Snopek	
Sobotka	Bohuslav	id_0581	https://www.psp.cz/sqw/detail.sqw?id=237	https://cs.wikipedia.org/wiki/Bohuslav_Sobotka	http://www.bohuslavsobotka.cz/
Sobotka	Jan	id_0582	http://www.psp.cz/sqw/detail.sqw?id=6245&o=7	https://cs.wikipedia.org/wiki/Jan_Sobotka	
Soukup	Zdeněk	id_0583	https://www.psp.cz/sqw/detail.sqw?id=6237	https://cs.wikipedia.org/wiki/Zdeněk_Soukup	
Soušek	Miloslav	id_0584	http://www.psp.cz/sqw/detail.sqw?id=5503&o=5	https://cs.wikipedia.org/wiki/Miloslav_Soušek	
Staněk	Pavel	id_0585	http://www.psp.cz/sqw/detail.sqw?id=5968&o=6	https://cs.wikipedia.org/wiki/Pavel_Staněk	
Stanjura	Zbyněk	id_0586	https://www.psp.cz/sqw/detail.sqw?id=5969	https://cs.wikipedia.org/wiki/Zbyněk_Stanjura	https://www.facebook.com/ZbynekStanjura/
Starec	Martin	id_0587	http://www.psp.cz/sqw/detail.sqw?o=3&id=413	https://cs.wikipedia.org/wiki/Martin_Starec	
Stránská	Zdeňka	id_0588	http://www.psp.cz/sqw/detail.sqw?o=3&id=414	https://cs.wikipedia.org/wiki/Zdeňka_Stránská	
Stráský	Jan	id_0589	http://www.psp.cz/sqw/detail.sqw?id=152&o=2	https://cs.wikipedia.org/wiki/Jan_Stráský	
Strnad	František	id_0590	http://www.psp.cz/sqw/detail.sqw?id=5299&o=4	https://cs.wikipedia.org/wiki/František_Strnad	
Strnadlová	Miroslava	id_0591	https://www.psp.cz/sqw/detail.sqw?id=5999	https://cs.wikipedia.org/wiki/Miroslava_Strnadlová	
Stropnický	Martin	id_0592	https://www.psp.cz/sqw/detail.sqw?id=443	https://cs.wikipedia.org/wiki/Martin_Stropnický	https://www.facebook.com/martin.stropnicky.104
Stupčuk	Štěpán	id_0593	https://www.psp.cz/sqw/detail.sqw?id=6238	https://cs.wikipedia.org/wiki/Štěpán_Stupčuk	
Suchá	Jana	id_0594	http://www.psp.cz/sqw/detail.sqw?id=5970&o=6	https://cs.wikipedia.org/wiki/Jana_Suchá	
Suchánek	Pavel	id_0595	http://www.psp.cz/sqw/detail.sqw?id=415&o=6	https://cs.wikipedia.org/wiki/Pavel_Suchánek	
Suk	Lubomír	id_0596	http://www.psp.cz/sqw/detail.sqw?id=5278&o=5	https://cs.wikipedia.org/wiki/Lubomír_Suk	
Sunkovský	Petr	id_0597	http://www.psp.cz/sqw/detail.sqw?id=5504&o=5	https://cs.wikipedia.org/wiki/Petr_Sunkovský	
Svoboda	Bohuslav	id_0598	https://www.psp.cz/sqw/detail.sqw?id=6007	https://cs.wikipedia.org/wiki/Bohuslav_Svoboda	https://www.facebook.com/bohuslav.svoboda/?ref=br_rs
Svoboda	Cyril	id_0599	http://www.psp.cz/sqw/detail.sqw?id=416&o=5	https://cs.wikipedia.org/wiki/Cyril_Svoboda	https://www.facebook.com/cyril.svoboda
Svoboda	Jan	id_0600	http://www.psp.cz/sqw/detail.sqw?id=418&o=3	https://cs.wikipedia.org/wiki/Jan_Svoboda	
Svoboda	Miroslav	id_0601	http://www.psp.cz/sqw/detail.sqw?id=5255&o=5	https://cs.wikipedia.org/wiki/Miroslav_Svoboda	
Svoboda	Pavel	id_0602	http://www.psp.cz/sqw/detail.sqw?id=417&o=3	https://cs.wikipedia.org/wiki/Pavel_Svoboda	
Svoboda	Pavel	id_0603	http://www.psp.cz/sqw/detail.sqw?o=6&id=5505	https://cs.wikipedia.org/wiki/Pavel_Svoboda	
Svoboda	Václav	id_0604	http://psp.cz/sqw/detail.sqw?id=238&o=2	https://cs.wikipedia.org/wiki/Václav_Svoboda	
Svobodová	Alena	id_0605	http://www.psp.cz/sqw/detail.sqw?o=3&id=313	https://cs.wikipedia.org/wiki/Alena_Svobodová	
Svoják	Igor	id_0606	http://www.psp.cz/sqw/detail.sqw?id=5971&o=6	https://cs.wikipedia.org/wiki/Igor_Svoják	
Syblík	Zdeněk	id_0607	https://www.psp.cz/sqw/detail.sqw?id=6284	https://cs.wikipedia.org/wiki/Zdeněk_Syblík	
Sýkora	Antonín	id_0608	http://www.psp.cz/sqw/detail.sqw?id=5319&o=4	https://cs.wikipedia.org/wiki/Antonín_Sýkora	
Šafařík	Pavel	id_0609	http://www.psp.cz/sqw/detail.sqw?id=156&o=3	https://cs.wikipedia.org/wiki/Pavel_Šafařík	
Šánová	Zuzana	id_0610	https://www.psp.cz/sqw/detail.sqw?id=6288	https://cs.wikipedia.org/wiki/Zuzana_Šánová	
Šarapatka	Bořivoj	id_0611	http://www.psp.cz/sqw/detail.sqw?id=5972&o=6	https://cs.wikipedia.org/wiki/Bořivoj_Šarapatka	
Šarapatka	Milan	id_0612	https://www.psp.cz/sqw/detail.sqw?id=6145	https://cs.wikipedia.org/wiki/Milan_Šarapatka	
Šedivá	Hana	id_0613	http://www.psp.cz/sqw/detail.sqw?id=5320&o=5	https://cs.wikipedia.org/wiki/Hana_Šedivá	
Šedivá	Iva	id_0614	http://www.psp.cz/sqw/detail.sqw?o=4&id=5288	https://cs.wikipedia.org/wiki/Iva_Šedivá	
Šeich	David	id_0615	http://www.psp.cz/sqw/detail.sqw?id=5301&o=6	https://cs.wikipedia.org/wiki/David_Šeich	
Šenfeld	Josef	id_0616	https://www.psp.cz/sqw/detail.sqw?id=5282	https://cs.wikipedia.org/wiki/Josef_Šenfeld	
Šidlo	Karel	id_0617	https://www.psp.cz/sqw/detail.sqw?id=5506	https://cs.wikipedia.org/wiki/Karel_Šidlo	
Šimonovský	Milan	id_0618	http://www.psp.cz/sqw/detail.sqw?o=5&id=5326	https://cs.wikipedia.org/wiki/Milan_Šimonovský	
Šimůnek	Petr	id_0619	http://www.psp.cz/sqw/detail.sqw?id=314&s=1&o=2	https://cs.wikipedia.org/wiki/Petr_Šimůnek	
Šincl	Ladislav	id_0620	http://www.psp.cz/sqw/detail.sqw?id=5507&org=171	https://cs.wikipedia.org/wiki/Ladislav_Šincl	
Škárka	Jaroslav	id_0621	http://www.psp.cz/sqw/detail.sqw?id=5973&o=6	https://cs.wikipedia.org/wiki/Jaroslav_Škárka	
Škopík	Jan	id_0622	http://www.psp.cz/sqw/detail.sqw?id=5315&o=4	https://cs.wikipedia.org/wiki/Jan_Škopík	
Škorpilová	Hana	id_0623	http://www.psp.cz/sqw/detail.sqw?id=315&s=1&o=2	https://cs.wikipedia.org/wiki/Hana_Škorpilová	
Škromach	Zdeněk	id_0624	http://www.psp.cz/sqw/detail.sqw?id=239&o=6	https://cs.wikipedia.org/wiki/Zdeněk_Škromach	https://www.facebook.com/zdenek.skromach
Šlajs	Václav	id_0625	http://www.psp.cz/sqw/detail.sqw?id=5508&o=6	https://cs.wikipedia.org/wiki/Václav_Šlajs	
Šlégr	Jiří	id_0626	http://www.psp.cz/sqw/detail.sqw?id=5974&o=6	https://cs.wikipedia.org/wiki/Jiří_Šlégr	
Šmíd	Milan	id_0627	http://www.psp.cz/sqw/detail.sqw?o=5&id=5509	https://cs.wikipedia.org/wiki/Milan_Šmíd	
Šmucr	Rudolf	id_0628	http://www.psp.cz/sqw/detail.sqw?o=2&id=328	https://cs.wikipedia.org/wiki/Rudolf_Šmucr	
Šnajdauf	František	id_0629	http://www.psp.cz/sqw/detail.sqw?id=342&o=2	https://cs.wikipedia.org/wiki/František_Šnajdauf	
Šnajdr	Marek	id_0630	http://www.psp.cz/sqw/detail.sqw?id=5437&o=6	https://cs.wikipedia.org/wiki/Marek_Šnajdr	
Šojdrová	Michaela	id_0631	http://www.psp.cz/sqw/detail.sqw?id=301&o=5	https://cs.wikipedia.org/wiki/Michaela_Šojdrová	
Šoltys	Vladimír	id_0632	http://www.psp.cz/sqw/detail.sqw?id=5510&o=5	https://cs.wikipedia.org/wiki/Vladimír_Šoltys	
Španbauer	František	id_0633	http://www.psp.cz/sqw/detail.sqw?id=240&o=3	https://cs.wikipedia.org/wiki/František_Španbauer	
Špidla	Vladimír	id_0634	http://www.psp.cz/sqw/detail.sqw?id=241&o=4	https://cs.wikipedia.org/wiki/Vladimír_Špidla	https://twitter.com/vladimir_spidla
Špika	Jan	id_0635	http://www.psp.cz/sqw/detail.sqw?id=5511&o=5	https://cs.wikipedia.org/wiki/Jan_Špika	
Šplíchal	Karel	id_0636	http://www.psp.cz/sqw/detail.sqw?id=419&o=5	https://cs.wikipedia.org/wiki/Karel_Šplíchal	
Šrámek	Pavel	id_0637	https://www.psp.cz/sqw/detail.sqw?id=6144	https://cs.wikipedia.org/wiki/Pavel_Šrámek	
Šťastný	Boris	id_0638	http://www.psp.cz/sqw/detail.sqw?id=5512&o=6	https://cs.wikipedia.org/wiki/Boris_Šťastný	
Štěpová	Vlasta	id_0639	https://www.psp.cz/sqw/detail.sqw?o=3&id=242	https://cs.wikipedia.org/wiki/Vlasta_Štěpová	
Štětina	Jiří	id_0640	https://www.psp.cz/sqw/detail.sqw?id=5975	https://cs.wikipedia.org/wiki/Jiří_Štětina	
Šťovíček	Milan	id_0641	http://www.psp.cz/sqw/detail.sqw?id=5976&o=6	https://cs.wikipedia.org/wiki/Milan_Šťovíček	
Štrait	Jaroslav	id_0642	http://www.psp.cz/sqw/detail.sqw?id=162&o=3	https://cs.wikipedia.org/wiki/Jaroslav_Štrait	
Šulák	Petr	id_0643	http://psp.cz/sqw/text/detail.sqw?id=243&o=4	https://cs.wikipedia.org/wiki/Petr_Šulák	
Šulc	Jiří	id_0644	http://www.psp.cz/sqw/detail.sqw?o=6&id=5859	https://cs.wikipedia.org/wiki/Jiří_Šulc	
Šustr	Ladislav	id_0645	http://www.psp.cz/sqw/detail.sqw?o=5&id=420	https://cs.wikipedia.org/wiki/Ladislav_Šustr	
Švarcbek	Josef	id_0646	http://www.psp.cz/sqw/detail.sqw?id=5380&o=4	https://cs.wikipedia.org/wiki/Josef_Švarcbek	
Švrček	Zdeněk	id_0647	http://www.psp.cz/sqw/detail.sqw?o=3&id=278	https://cs.wikipedia.org/wiki/Zdeněk_Švrček	
Talíř	Jaromír	id_0648	http://www.psp.cz/sqw/detail.sqw?id=302&o=4	https://cs.wikipedia.org/wiki/Jaromír_Talíř	
Talmanová	Lucie	id_0649	http://www.psp.cz/sqw/detail.sqw?id=421&o=5	https://cs.wikipedia.org/wiki/Lucie_Talmanová	
Tancoš	Josef	id_0650	http://www.psp.cz/sqw/detail.sqw?id=5977&o=6	https://cs.wikipedia.org/wiki/Josef_Tancoš	
Tejc	Jeroným	id_0651	https://www.psp.cz/sqw/detail.sqw?id=5513	https://cs.wikipedia.org/wiki/Jeroným_Tejc	https://twitter.com/JTejc?lang=cs
Teplík	Tomáš	id_0652	http://www.psp.cz/sqw/detail.sqw?o=4&id=244	https://cs.wikipedia.org/wiki/Tomáš_Teplík	
Tesařík	Martin	id_0653	http://www.psp.cz/sqw/detail.sqw?id=5514&o=5&s=1	https://cs.wikipedia.org/wiki/Martin_Tesařík	
Tešnar	Dušan	id_0654	http://www.psp.cz/sqw/detail.sqw?id=245&o=3	https://cs.wikipedia.org/wiki/Dušan_Tešnar	
Titz	Miloš	id_0655	http://www.psp.cz/sqw/detail.sqw?o=4&id=246	https://cs.wikipedia.org/wiki/Miloš_Titz	
Tluchoř	Petr	id_0656	http://www.psp.cz/sqw/detail.sqw?o=6&id=5376	https://cs.wikipedia.org/wiki/Petr_Tluchoř	http://www.tluchor.cz/
Tlustý	Vlastimil	id_0657	http://psp.cz/sqw/detail.sqw?id=164&o=5	https://cs.wikipedia.org/wiki/Vlastimil_Tlustý	
Tollner	Pavel	id_0658	http://www.psp.cz/sqw/detail.sqw?id=165&o=3	https://cs.wikipedia.org/wiki/Pavel_Tollner	
Tomíček	Rudolf	id_0659	http://www.psp.cz/sqw/detail.sqw?id=247&o=4	https://cs.wikipedia.org/wiki/Rudolf_Tomíček	
Topolánek	Mirek	id_0660	http://www.psp.cz/sqw/detail.sqw?o=5&id=5515	https://cs.wikipedia.org/wiki/Mirek_Topolánek	https://twitter.com/MirekTopolanek?lang=cs
Toufar	Lubomír	id_0661	https://www.psp.cz/sqw/detail.sqw?id=6239	https://cs.wikipedia.org/wiki/Lubomír_Toufar	
Třebický	Jan	id_0662	http://www.psp.cz/sqw/detail.sqw?id=170&o=2&s=1	https://cs.wikipedia.org/wiki/Jan_Třebický	
Třešňák	Jiří	id_0663	http://www.psp.cz/sqw/detail.sqw?id=5266&o=4	https://cs.wikipedia.org/wiki/Jiří_Třešňák	
Tureček	Karel	id_0664	https://www.psp.cz/sqw/detail.sqw?id=6240	https://cs.wikipedia.org/wiki/Karel_Tureček	
Turek	Radim	id_0665	http://www.psp.cz/sqw/detail.sqw?o=4&id=248	https://cs.wikipedia.org/wiki/Radim_Turek	
Tvrdík	Jaroslav	id_0666	http://www.psp.cz/sqw/detail.sqw?id=5217&o=4	https://cs.wikipedia.org/wiki/Jaroslav_Tvrdík	
Tyl	Miroslav	id_0667	http://www.psp.cz/sqw/detail.sqw?id=279&o=2	https://cs.wikipedia.org/wiki/Miroslav_Tyl	
Uhde	Milan	id_0668	http://psp.cz/sqw/detail.sqw?id=171&o=2	https://cs.wikipedia.org/wiki/Milan_Uhde	
Uhlík	Josef	id_0669	https://www.psp.cz/sqw/detail.sqw?id=6170	https://cs.wikipedia.org/wiki/Josef_Uhlík	
Úlehla	Tomáš	id_0670	http://www.psp.cz/sqw/detail.sqw?id=5516&o=6	https://cs.wikipedia.org/wiki/Tomáš_Úlehla	
Ullmann	Josef	id_0671	http://www.psp.cz/sqw/detail.sqw?o=2&id=172	https://cs.wikipedia.org/wiki/Josef_Ullmann	
Urban	Milan	id_0672	https://www.psp.cz/sqw/detail.sqw?id=422	https://cs.wikipedia.org/wiki/Milan_Urban	
Urban	Ladislav	id_0673	http://www.psp.cz/sqw/detail.sqw?id=5275&o=4	https://cs.wikipedia.org/wiki/Ladislav_Urban	
Vacek	Martin	id_0674	http://www.psp.cz/sqw/detail.sqw?o=6&id=5978	https://cs.wikipedia.org/wiki/Martin_Vacek	
Vacek	Miroslav	id_0675	http://www.psp.cz/sqw/detail.sqw?id=316&o=2	https://cs.wikipedia.org/wiki/Miroslav_Vacek	
Václavek	Jiří	id_0676	http://www.psp.cz/sqw/detail.sqw?id=249&o=4	https://cs.wikipedia.org/wiki/Jiří_Václavek	
Váhalová	Dana	id_0677	https://www.psp.cz/sqw/detail.sqw?id=5979	https://cs.wikipedia.org/wiki/Dana_Váhalová	
Vácha	František	id_0678	https://www.psp.cz/sqw/detail.sqw?id=6137	https://cs.wikipedia.org/wiki/František_Vácha	
Valenta	Jiří	id_0679	https://www.psp.cz/sqw/detail.sqw?id=6169	https://cs.wikipedia.org/wiki/Jiří_Valenta	
Válková	Helena	id_0680	https://www.psp.cz/sqw/detail.sqw?id=6168	https://cs.wikipedia.org/wiki/Helena_Válková	
Valouch	Jindřich	id_0681	http://www.psp.cz/sqw/detail.sqw?id=5517&o=5	https://cs.wikipedia.org/wiki/Jindřich_Valouch	
Váňa	Miroslav	id_0682	http://www.psp.cz/sqw/detail.sqw?id=5292&o=5	https://cs.wikipedia.org/wiki/Miroslav_Váňa	
Váňa	Roman	id_0683	https://www.psp.cz/sqw/detail.sqw?id=5980	https://cs.wikipedia.org/wiki/Roman_Váňa	
Vandas	Jaroslav	id_0684	http://www.psp.cz/sqw/detail.sqw?id=5981&o=6	https://cs.wikipedia.org/wiki/Jaroslav_Vandas	
Vanoušek	Pavel	id_0685	http://www.psp.cz/sqw/detail.sqw?id=5519&o=5	https://cs.wikipedia.org/wiki/Pavel_Vanoušek	
Vávra	Eduard	id_0686	http://www.psp.cz/sqw/detail.sqw?id=423&o=4	https://cs.wikipedia.org/wiki/Eduard_Vávra	
Vejvoda	Josef	id_0687	http://www.psp.cz/sqw/detail.sqw?id=424&o=3	https://cs.wikipedia.org/wiki/Josef_Vejvoda	
Velebný	Ladislav	id_0688	https://www.psp.cz/sqw/detail.sqw?id=5866	https://cs.wikipedia.org/wiki/Ladislav_Velebný	https://twitter.com/ladislavvelebny
Vidím	Jan	id_0689	http://www.psp.cz/sqw/detail.sqw?id=280&o=6	https://cs.wikipedia.org/wiki/Jan_Vidím	
Vícha	Josef	id_0690	http://www.psp.cz/sqw/detail.sqw?id=5324&o=4	https://cs.wikipedia.org/wiki/Josef_Vícha	
Vik	Jan	id_0691	http://www.psp.cz/sqw/detail.sqw?id=180&o=2	https://cs.wikipedia.org/wiki/Jan_Vik	
Vilímec	Vladislav	id_0692	https://www.psp.cz/sqw/detail.sqw?id=5520	https://cs.wikipedia.org/wiki/Vladislav_Vilímec	
Vlach	Jiří	id_0694	http://www.psp.cz/sqw/detail.sqw?id=181&o=3	https://cs.wikipedia.org/wiki/Jiří_Vlach	
Vlček	Miloslav	id_0695	http://www.psp.cz/sqw/detail.sqw?id=250&o=5	https://cs.wikipedia.org/wiki/Miloslav_Vlček	
Vlčková	Miroslava	id_0696	http://www.psp.cz/sqw/detail.sqw?id=425&o=4	https://cs.wikipedia.org/wiki/Miroslava_Vlčková	
Vnouček	František	id_0697	http://www.psp.cz/sqw/detail.sqw?id=426&o=3	https://cs.wikipedia.org/wiki/František_Vnouček	
Vodička	Jindřich	id_0698	http://www.psp.cz/sqw/detail.sqw?id=281&o=2	https://cs.wikipedia.org/wiki/Jindřich_Vodička	
Vodrážka	David	id_0699	http://www.psp.cz/sqw/detail.sqw?id=5982&o=6	https://cs.wikipedia.org/wiki/David_Vodrážka	
Vojíř	Oldřich	id_0700	http://www.psp.cz/sqw/detail.sqw?id=282&o=5	https://cs.wikipedia.org/wiki/Oldřich_Vojíř	
Vojtilová	Jitka	id_0701	http://www.psp.cz/sqw/detail.sqw?id=5284&o=5	https://cs.wikipedia.org/wiki/Jitka_Vojtilová	
Vokáč	Robert	id_0702	http://www.psp.cz/sqw/detail.sqw?id=5357&o=4	https://cs.wikipedia.org/wiki/Robert_Vokáč	
Volák	Stanislav	id_0703	http://www.psp.cz/sqw/detail.sqw?id=185&o=3	https://cs.wikipedia.org/wiki/Stanislav_Volák	
Volčík	Pavel	id_0704	https://www.psp.cz/sqw/detail.sqw?id=6167	https://cs.wikipedia.org/wiki/Pavel_Volčík	
Volfová	Jana	id_0705	http://www.psp.cz/sqw/detail.sqw?id=427&o=3	https://cs.wikipedia.org/wiki/Jana_Volfová	
Volný	Jan	id_0706	https://www.psp.cz/sqw/detail.sqw?id=6166	https://cs.wikipedia.org/wiki/Jan_Volný	
Vomáčko	Ladislav	id_0707	http://www.psp.cz/sqw/detail.sqw?id=5388&o=5	https://cs.wikipedia.org/wiki/Ladislav_Vomáčko	
Vondráček	Radek	id_0708	https://www.psp.cz/sqw/detail.sqw?id=6165	https://cs.wikipedia.org/wiki/Radek_Vondráček	https://twitter.com/vondraczech?lang=cs
Vondrášek	Josef	id_0709	https://www.psp.cz/sqw/detail.sqw?id=6164	https://cs.wikipedia.org/wiki/Josef_Vondrášek	
Vondruška	Josef	id_0710	http://www.psp.cz/sqw/detail.sqw?id=4527&o=5	https://cs.wikipedia.org/wiki/Josef_Vondruška	
Vostrá	Miloslava	id_0711	https://www.psp.cz/sqw/detail.sqw?id=5268	https://cs.wikipedia.org/wiki/Miloslava_Vostrá	
Votava	Václav	id_0712	https://www.psp.cz/sqw/detail.sqw?id=5272	https://cs.wikipedia.org/wiki/Václav_Votava	
Vozdecký	Josef	id_0713	http://www.psp.cz/sqw/detail.sqw?id=6163&org=171	https://cs.wikipedia.org/wiki/Josef_Vozdecký	
Vozka	Vlastimil	id_0714	https://www.psp.cz/sqw/detail.sqw?id=6162	https://cs.wikipedia.org/wiki/Vlastimil_Vozka	
Vrbík	Tomáš	id_0715	http://www.psp.cz/sqw/detail.sqw?id=5365&o=4	https://cs.wikipedia.org/wiki/Tomáš_Vrbík	
Vrcha	Oldřich	id_0716	http://www.psp.cz/sqw/detail.sqw?id=329&o=2	https://cs.wikipedia.org/wiki/Oldřich_Vrcha	
Vrzal	Ivan	id_0717	http://www.psp.cz/sqw/detail.sqw?id=190&o=2	https://cs.wikipedia.org/wiki/Ivan_Vrzal	
Vrzáň	Petr	id_0718	http://www.psp.cz/sqw/detail.sqw?o=2&id=330	https://cs.wikipedia.org/wiki/Petr_Vrzáň	
Výborný	Miloslav	id_0719	http://www.psp.cz/sqw/detail.sqw?id=193&o=4	https://cs.wikipedia.org/wiki/Miloslav_Výborný	
Vykydal	Ivo	id_0720	http://www.psp.cz/sqw/detail.sqw?id=5309&o=4	https://cs.wikipedia.org/wiki/Ivo_Vykydal	
Vymětal	Karel	id_0721	http://www.psp.cz/sqw/detail.sqw?o=4&id=317	https://cs.wikipedia.org/wiki/Karel_Vymětal	
Vymětal	Vojtěch	id_0722	http://www.psp.cz/sqw/detail.sqw?id=428&o=3	https://cs.wikipedia.org/wiki/Vojtěch_Vymětal	
Vysloužil	Radim	id_0723	http://www.psp.cz/sqw/detail.sqw?o=6&id=5983	https://cs.wikipedia.org/wiki/Radim_Vysloužil	
Vyzula	Rostislav	id_0724	https://www.psp.cz/sqw/detail.sqw?id=6161	https://cs.wikipedia.org/wiki/Rostislav_Vyzula	
Wagner	Jozef	id_0725	http://www.psp.cz/sqw/detail.sqw?id=194&o=2	https://cs.wikipedia.org/wiki/Jozef_Wagner	
Weberová	Ivana	id_0726	http://www.psp.cz/sqw/detail.sqw?id=5984&o=6	https://cs.wikipedia.org/wiki/Ivana_Weberová	
Wenigerová	Jaroslava	id_0727	http://www.psp.cz/sqw/detail.sqw?o=6&id=5985	https://cs.wikipedia.org/wiki/Jaroslava_Wenigerová	
Wernerová	Markéta	id_0728	https://www.psp.cz/sqw/detail.sqw?id=6160	https://cs.wikipedia.org/wiki/Markéta_Wernerová	
Witoszová	Renáta	id_0729	http://www.psp.cz/sqw/detail.sqw?o=6&id=5986	https://cs.wikipedia.org/wiki/Renáta_Witoszová	
Wolf	Petr	id_0730	http://www.psp.cz/sqw/detail.sqw?o=5&id=5521	https://cs.wikipedia.org/wiki/Petr_Wolf	
Zahradil	Jan	id_0731	http://www.psp.cz/sqw/detail.sqw?id=429&o=4	https://cs.wikipedia.org/wiki/Jan_Zahradil	https://twitter.com/ZahradilJan?lang=cs
Zahradníček	Josef	id_0732	https://www.psp.cz/sqw/detail.sqw?id=6159	https://cs.wikipedia.org/wiki/Josef_Zahradníček	
Zahradník	Jan	id_0733	https://www.psp.cz/sqw/detail.sqw?id=5844	https://cs.wikipedia.org/wiki/Jan_Zahradník	
Zachardová	Jindřiška	id_0734	http://www.psp.cz/sqw/detail.sqw?o=2&id=251	https://cs.wikipedia.org/wiki/Jindřiška_Zachardová	
Zajíc	Petr	id_0735	http://www.psp.cz/sqw/detail.sqw?id=331&o=2	https://cs.wikipedia.org/wiki/Petr_Zajíc	
Zajícová	Blanka	id_0736	http://www.psp.cz/sqw/detail.sqw?id=332&o=2	https://cs.wikipedia.org/wiki/Blanka_Zajícová	
Zajíček	Tom	id_0737	http://www.psp.cz/sqw/detail.sqw?id=430&o=5	https://cs.wikipedia.org/wiki/Tom_Zajíček	
Zajíček	Zdeněk	id_0738	http://www.psp.cz/sqw/detail.sqw?id=283&o=2	https://cs.wikipedia.org/wiki/Zdeněk_Zajíček	
Zaorálek	Lubomír	id_0739	https://www.psp.cz/sqw/detail.sqw?id=252	https://cs.wikipedia.org/wiki/Lubomír_Zaorálek	https://www.facebook.com/lubomir.zaoralek/
Zapletal	Cyril	id_0740	http://www.psp.cz/sqw/detail.sqw?id=5415&o=6	https://cs.wikipedia.org/wiki/Cyril_Zapletal	
Záruba	Bohuslav	id_0741	http://www.psp.cz/sqw/detail.sqw?id=431&o=4	https://cs.wikipedia.org/wiki/Bohuslav_Záruba	
Zavadil	Jaroslav	id_0742	https://www.psp.cz/sqw/detail.sqw?id=6157	https://cs.wikipedia.org/wiki/Jaroslav_Zavadil	
Zelenková	Ladislava	id_0743	http://www.psp.cz/sqw/detail.sqw?id=5522&o=5	https://cs.wikipedia.org/wiki/Ladislava_Zelenková	
Zelienková	Kristýna	id_0744	https://www.psp.cz/sqw/detail.sqw?id=6156	https://cs.wikipedia.org/wiki/Kristýna_Zelienková	https://www.facebook.com/kristyn.zelienkova
Zeman	Eduard	id_0745	http://www.psp.cz/sqw/detail.sqw?id=196&o=4	https://cs.wikipedia.org/wiki/Eduard_Zeman	
Zeman	Miloš	id_0746	http://www.psp.cz/sqw/detail.sqw?o=3&id=253	https://cs.wikipedia.org/wiki/Miloš_Zeman	https://www.facebook.com/prezidentcr/
Zemánek	Jiří	id_0747	https://www.psp.cz/sqw/detail.sqw?id=5987	https://cs.wikipedia.org/wiki/Jiří_Zemánek	
Zemek	Václav	id_0748	https://www.psp.cz/sqw/detail.sqw?id=5989	https://cs.wikipedia.org/wiki/Václav_Zemek	
Zemina	Ondřej	id_0749	http://www.psp.cz/sqw/detail.sqw?id=197&o=2	https://cs.wikipedia.org/wiki/Ondřej_Zemina	
Zgarba	Petr	id_0750	http://psp.cz/sqw/text/detail.sqw?id=5294&o=6	https://cs.wikipedia.org/wiki/Petr_Zgarba	
Zieleniec	Josef	id_0751	http://www.psp.cz/sqw/detail.sqw?id=284&o=2&s=1	https://cs.wikipedia.org/wiki/Josef_Zieleniec	
Zima	Anton	id_0752	http://www.psp.cz/sqw/detail.sqw?id=198&o=2	https://cs.wikipedia.org/wiki/Anton_Zima	
Zimola	Jiří	id_0753	http://www.psp.cz/sqw/detail.sqw?id=6155&o=7	https://cs.wikipedia.org/wiki/Jiří_Zimola	https://www.facebook.com/zimolajiri/
Zlatuška	Jiří	id_0754	https://www.psp.cz/sqw/detail.sqw?id=5718	https://cs.wikipedia.org/wiki/Jiří_Zlatuška	https://www.facebook.com/j.zlatuska?fref=nf
Zralý	Antonín	id_0755	http://www.psp.cz/sqw/detail.sqw?o=4&id=5304	https://cs.wikipedia.org/wiki/Antonín_Zralý	
Zubová	Olga	id_0756	http://www.psp.cz/sqw/detail.sqw?o=5&id=5523	https://cs.wikipedia.org/wiki/Olga_Zubová	
Zuna	Milan	id_0757	http://www.psp.cz/sqw/detail.sqw?id=432&o=3	https://cs.wikipedia.org/wiki/Milan_Zuna	
Zvěřina	Jaroslav	id_0758	http://www.psp.cz/sqw/detail.sqw?id=285&o=4	https://cs.wikipedia.org/wiki/Jaroslav_Zvěřina	
Ženíšek	Marek	id_0759	https://www.psp.cz/sqw/detail.sqw?id=6154	https://cs.wikipedia.org/wiki/Marek_Ženíšek	https://twitter.com/zenisek_m?lang=cs
Žižka	Jan	id_0760	http://www.psp.cz/sqw/detail.sqw?id=254&o=3	https://cs.wikipedia.org/wiki/Jan_Žižka	
Jelonková 	Barbora	id_0761	https://www.psp.cz/sqw/detail.sqw?id=6425	https://cs.wikipedia.org/wiki/Barbora_Jelonková_	
Skopeček	Jan	id_0763	https://www.psp.cz/sqw/detail.sqw?id=6418	https://cs.wikipedia.org/wiki/Jan_Skopeček	
Valhoda	Václav	id_0764	https://www.psp.cz/sqw/detail.sqw?id=6424	https://cs.wikipedia.org/wiki/Václav_Valhoda	
